"","Hugo_Symbol","bladder","breast","cervix","colon","kidney","liver","lung","prostate","salivary","stomach","thyroid","uterus","max_easophagus","Min","Quantile.1","Median","Quantile.3","Max"
"1","CTC-435M10.3",0,0,0,0,0,0,6.11,0,0,0,0,0,0,0,0,0,0,6.11
"2","C4BPA",0.28,60.39,27.64,12.18,1.98,21172.91,7032.37,1.62,1.83,1.97,0.95,15,1.685,0.28,1.685,1.98,27.64,21172.91
"3","ACOT12",0.61,0.89,2.41,0.53,40.5,1923.14,0,2.745,0.4,0,0,0.915,0.61,0,0.4,0.61,2.41,1923.14
"4","SPINK7",22.59,0.67,5.59,1.14,4.625,0.91,2.07,1.04,414.87,70.775,1.71,0.29,10512.82,0.29,1.04,2.07,22.59,10512.82
"5","TBX20",98.73,0,0,0,0,2.97,0,0,0,0,0,0,1.97,0,0,0,0,98.73
"6","RP11-362K2.2",0,1.48,0,0,0,0,0,0,3.2,0,0,0,0,0,0,0,0,3.2
"7","PSG9",0,0,0,0,0.7,0,0,0,0.43,0,0,0,0,0,0,0,0,0.7
"8","AC091801.1",7.11,8.92,106.63,0,0,0,0,0,0,0.565,0,7.795,4.84,0,0,0,7.11,106.63
"9","SNTN",0,0,0,0,0,0,181.28,0,0,2.825,0,0,0,0,0,0,0,181.28
"10","HIST1H1B",0,0,10.88,1.58,0,0,0.68,0,0,0,0,0,2.39,0,0,0,0.68,10.88
"11","UGT1A1",156.59,0,4.58,47.5,1229.545,3820.7,0,9.97,35,58.3,0.58,0,123.5,0,0.58,35,123.5,3820.7
"12","DEFA5",0,0,0,29.06,0,0,0,0,0.62,0,0,0,0,0,0,0,0,29.06
"13","POU3F3",0,3.14,0,6.21,794.22,0,0.09,1.99,2.39,0.54,0.18,0,15.115,0,0,0.54,3.14,794.22
"14","SLC28A1",0.96,4.58,8.13,0.97,362.925,1259.69,0.54,0.565,2.56,5.105,0.93,3.26,1.25,0.54,0.96,2.56,5.105,1259.69
"15","BX649567.1",0,0,0,0,0,0,0,0,0,0,1.465,0,0,0,0,0,0,1.465
"16","OR1J1",0.53,0,0,0,0,0,0,0,0,0,0,0,0,0,0,0,0,0.53
"17","APOA1",6.84,3.29,10.79,10.88,20.485,546551.29,41.52,9.165,2.71,531.055,104.785,53.205,29.59,2.71,9.165,20.485,53.205,546551.29
"18","PCDHB1",0,0,0,0.33,5.845,0,0,0,0,0,0,0,0,0,0,0,0,5.845
"19","FABP1",0.07,2.05,4.43,17681.08,1721.645,233003.78,3.23,2.19,1.43,260.405,4.39,2.76,16.94,0.07,2.19,4.39,260.405,233003.78
"20","GCKR",3.14,5.15,4.43,3.14,3.36,2193.99,4.54,6.78,6.46,85.225,3.35,3.015,88.88,3.015,3.35,4.54,6.78,2193.99
"21","PLGLB2",12.83,16.39,26.86,12,10.445,10585.95,9.2,14.62,6.21,9.34,26.005,20.26,24.99,6.21,10.445,14.62,24.99,10585.95
"22","CYP2C8",4.21,10.63,7.28,6.67,13.52,39510.91,9.06,6.435,2.46,23.335,26.1,10.12,8.78,2.46,6.67,9.06,13.52,39510.91
"23","AL590714.1",0,0,0,0,0,11827.67,0,0,0,0,0,0,0,0,0,0,0,11827.67
"24","SDS",27.25,35,17.13,52.08,12.075,14163.58,87.03,22.425,21.78,22.26,27.64,11.045,7.34,7.34,17.13,22.425,35,14163.58
"25","ASPDH",2.92,5.41,3.03,6.78,310.915,5366.37,6.26,5.255,2.58,19.615,9.41,3.775,10.55,2.58,3.775,6.26,10.55,5366.37
"26","CAPN14",18.29,2.58,6.06,1.14,4.28,0.38,2.29,2.61,100.83,5.52,1.31,1.995,2609.3,0.38,1.995,2.61,6.06,2609.3
"27","CLDN18",3.06,2.43,0.82,1.93,2.63,0.58,7485.11,1.25,0.72,4109.245,1.98,2.03,33.06,0.58,1.25,2.03,3.06,7485.11
"28","S100A8",1662.49,514.56,466.88,356.05,275.345,713.11,6426.31,296.14,61146.25,1454.705,272.425,88.885,365622.68,88.885,296.14,514.56,1662.49,365622.68
"29","TF",36.53,1268.46,14.78,43.02,17.425,237899.7,31,140.575,961.07,41.385,23.165,30.78,583.07,14.78,30.78,41.385,583.07,237899.7
"30","GJB6",81.14,1.75,10.24,0.99,1.93,1,1.41,3.015,529.06,5.11,72.775,4.86,3212.66,0.99,1.75,4.86,72.775,3212.66
"31","DEFB103B",0,0,0,0,0,0,0,0,0,0,0,0,1.93,0,0,0,0,1.93
"32","GPR128",0.36,0,0.25,17.64,0,287.01,0,0,0,4.62,0,0.235,0,0,0,0,0.36,287.01
"33","GYPA",0,0,0,0,11.49,1.2,0.83,0,0,0,0,0,0,0,0,0,0,11.49
"34","PYDC1",0,4.58,0,0,0,0,0,0,0,0,0,0,0,0,0,0,0,4.58
"35","APOC2",24.28,94.01,92.7,48.18,152.965,155870.75,1143.1,46.84,54.33,87.955,26.57,28.96,17.9,17.9,28.96,54.33,94.01,155870.75
"36","SLC26A7",4.5,11.82,14.45,6.46,668.45,2.07,4.58,5.04,1.93,18.03,8963.67,14.24,12.36,1.93,4.58,11.82,14.45,8963.67
"37","PKLR",0,0.29,0,6.84,236.755,2032.85,0.17,0.435,1.31,2.12,0.4,0.4,0.73,0,0.29,0.435,2.12,2032.85
"38","SPRR3",231.32,5.68,12.93,7.34,1.365,4.7,16.03,7.91,12415.75,62.12,4.72,0.81,324980.94,0.81,4.72,7.91,62.12,324980.94
"39","C8A",0.13,0,0,0,0.205,9279.58,1.27,0,0.16,1.305,0,0,0,0,0,0,0.205,9279.58
"40","ORM1",2.68,7.34,142.01,7,3.205,851707.37,246.28,160.46,2.58,49.215,14.35,48.695,39.79,2.58,7,39.79,142.01,851707.37
"41","APOA5",0,0,0,0,0.01,15285.81,2.66,0.24,0,1.38,1,0,0,0,0,0,1,15285.81
"42","OIT3",0.6,0.58,0.96,3.82,11.085,1023,7.17,0.22,0.97,3.645,1.26,0.99,0.62,0.22,0.62,0.99,3.82,1023
"43","CTB-129P6.11",1.77,0,0,0,0,0,0,0,0,0,0,0,0,0,0,0,0,1.77
"44","IL36B",0,0,0,0,0,0,0,0,0,0,0,0,37.32,0,0,0,0,37.32
"45","NR1H4",26.86,0,7.57,24.11,618.01,1769.57,2.76,4.39,0,12.41,0,1.34,1.51,0,1.34,4.39,24.11,1769.57
"46","SERPINA11",0,53.57,15.8,0,0,9606.86,0,7.6,11.13,0,0,0,4.9,0,0,0,11.13,9606.86
"47","OR2A4",0,0,0,0,0,0,0,0,0.43,0,0,0,0,0,0,0,0,0.43
"48","RP11-834C11.12",0.58,0,0,0,0,0,0,0,0,0,0,0,0,0,0,0,0,0.58
"49","DEFB103A",0,0,0,0,0,0,0,0,0,0,0,0,4.43,0,0,0,0,4.43
"50","CRP",1.73,1.73,4.1,2.18,1.675,114897.47,2.56,1.575,1.31,1.82,1.455,1.725,7.46,1.31,1.675,1.73,2.56,114897.47
"51","SCEL",7.4,6.46,4.74,7.94,8.755,0.79,1651,2.12,599.49,8.545,33.66,1.04,5711.87,0.79,4.74,7.94,33.66,5711.87
"52","SAA2",17.38,4869.99,121.79,26.86,43.02,67846.12,104.42,63.9,1883.54,56.085,7.63,12.23,103.69,7.63,26.86,63.9,121.79,67846.12
"53","AMDHD1",12.09,18.43,6.67,8.65,79.18,2573.36,22.1,5.45,5.06,9.235,11.04,9.305,12,5.06,8.65,11.04,18.43,2573.36
"54","ADH4",2.12,27.44,4.21,10.71,8.03,63302.6,3.03,2.545,12.45,27.84,2.445,1.81,58.115,1.81,2.545,8.03,27.44,63302.6
"55","CYP2E1",38.12,36.01,29.7,31.22,36.015,198667,29.27,79.17,215.77,126.56,50.45,66.18,503.95,29.27,36.01,50.45,126.56,198667
"56","IVL",748.61,1.22,1.38,0.74,0.75,0.45,3.92,3.305,612.11,5.45,0.765,0.025,4903.87,0.025,0.75,1.38,5.45,4903.87
"57","AL109927.1",3.06,0,197.09,0,0,0,0,0,0,0,0,0,0,0,0,0,0,197.09
"58","SPINK6",0,0.97,0,1.75,0,0,2.71,0,44.57,0,0,0,12,0,0,0,1.75,44.57
"59","MASP2",8.45,33.78,13.72,29.7,10.2,10225.32,23.25,14.835,7.34,24.63,28.345,20.335,63,7.34,13.72,23.25,29.7,10225.32
"60","VSIG1",32.36,3.59,5.45,1.62,2.38,0.58,14.89,3.81,4.66,1896.65,3,0.58,27.44,0.58,2.38,3.81,14.89,1896.65
"61","CRCT1",17.64,0.24,2.43,1.62,0.385,1.87,1.03,0.77,656.11,13.42,1,0.395,14065.74,0.24,0.77,1.62,13.42,14065.74
"62","MAGEA9",1.93,0,0,0,0,0,0,0,0,0,0,0,0,0,0,0,0,1.93
"63","ALDOB",1.53,4.35,1.58,45.53,23250.06,127486.83,5.02,1.84,1.77,279.145,2.34,4.485,17.13,1.53,1.84,4.485,45.53,127486.83
"64","SLC38A8",0,0,0,0,0.71,0,0,0,0,0,0,0,0,0,0,0,0,0.71
"65","CASR",1.41,0,0,1.75,602.19,3.96,0.64,0.735,0,2.495,0.49,0,0.68,0,0,0.68,1.75,602.19
"66","PGA4",6.89,27.05,17.9,29.91,24.825,29.7,5.87,10.71,5.68,75020.095,76.98,12.55,688.78,5.68,10.71,24.825,29.91,75020.095
"67","WT1",1.14,0.71,162.14,2.48,245.425,1.87,3.66,4.96,0,0.42,0.45,2601.035,7.875,0,0.71,2.48,7.875,2601.035
"68","G6PC",0,0,0.16,1.58,311.9,9344.14,0,0,0,3.675,0,0,0,0,0,0,1.58,9344.14
"69","SPRR1B",56.68,2.34,10.31,3.03,0.92,1.95,10.08,5.15,6887.62,27.345,2.535,0.595,56265.94,0.595,2.34,5.15,27.345,56265.94
"70","CLEC4G",43.63,21.94,6.67,20.56,2.76,1757.34,9.34,3.365,11.38,11.3,2.905,7.055,23.68,2.76,6.67,11.3,21.94,1757.34
"71","KRT24",11.3,0.38,3.79,44.89,1.705,0.23,0.21,3.2,23.25,25.175,0.39,1.015,1044.52,0.21,0.39,3.2,23.25,1044.52
"72","SSX2",0,0,0,0,0,0,0,0,0,0,22.02,0,0,0,0,0,0,22.02
"73","ADH6",15.22,7.69,9.34,94.01,254.545,8078.22,11.64,7.66,4.54,22.67,3.055,10.045,21.47,3.055,7.69,11.64,22.67,8078.22
"74","ETNPPL",4.58,3.92,0,0.97,27.255,1233.75,0.59,1.465,3.29,41.665,21.24,1.505,5.635,0,1.465,3.92,21.24,1233.75
"75","NMU",17.51,5.54,15.68,26.28,3.485,1.06,8.13,5.75,234.57,36.27,7.165,0,1733.13,0,5.54,8.13,26.28,1733.13
"76","IGFBP1",0,9.56,0,0.85,22.07,29736.59,1.55,0,0,0.69,0.225,11.73,0.41,0,0,0.69,9.56,29736.59
"77","SERPINB3",32.82,1.31,16.39,0.62,1,0.96,10.47,20.945,934.76,7.545,0.45,0.985,9945.68,0.45,0.985,7.545,20.945,9945.68
"78","NAT8",1.16,3.63,5.68,5.82,7255.25,2104.58,3.38,2.85,0.52,6.67,3.03,5.89,1.97,0.52,2.85,3.63,5.89,7255.25
"79","CFHR3",15.11,6.21,1.97,3.26,2.11,8479.89,6.78,2.15,4.86,1.305,7.34,1.535,5.04,1.305,2.11,4.86,6.78,8479.89
"80","RBP4",246.28,5292.48,205.5,134.3,2904.185,338781.54,728.11,86.755,53.19,122.655,34.875,18.43,54.72,18.43,54.72,134.3,728.11,338781.54
"81","RP13-512J5.1",0,0,0,0,0,0,0,0,0,12.455,0,0,0,0,0,0,0,12.455
"82","OBP2A",0,10.79,0,0,0,0,2.36,0,0,0,0,0,0,0,0,0,0,10.79
"83","UGT1A4",21.32,0,1.64,0,10.835,8778.97,0,0,2.18,5.43,0,0,9.34,0,0,1.64,9.34,8778.97
"84","CYP26A1",1,13.52,6.62,0.46,1.285,239.52,1,0.705,4.78,0,0.57,1.145,0,0,0.57,1,4.78,239.52
"85","TSSK2",0,0,0,0,0,0,0,0,0.44,0,0,0,0,0,0,0,0,0.44
"86","ADIPOQ",15.56,5219.6,0.43,16.88,1.175,0.2,0.35,0.365,47.84,15,5.845,0.615,7.54,0.2,0.43,5.845,15.56,5219.6
"87","RP11-701P16.2",0,0,0,0,0,2.23,1.57,0,0,0,0,0,0,0,0,0,0,2.23
"88","ACMSD",1.01,6.52,2.61,0.73,1158.125,2720.15,2.61,1.26,0.56,4.505,3.99,1.78,2.05,0.56,1.26,2.61,4.505,2720.15
"89","ITIH4",90.77,78.89,136.19,60.39,30.78,67846.12,115.97,55.315,44.89,72.775,127.445,93.35,214.27,30.78,60.39,90.77,127.445,67846.12
"90","PRAP1",5.45,1.64,3.2,271.48,797.035,22072.07,2.34,2.235,2.34,103.38,1.84,6.21,5.845,1.64,2.34,5.45,103.38,22072.07
"91","C6orf15",0,19.11,0,0,0,0,0,0,23.59,0,0,0,0,0,0,0,0,23.59
"92","CALR3",0,0,0,0,0,2.34,0,0,0,0,0,0,0,0,0,0,0,2.34
"93","IYD",2.94,1.66,0,33.78,146.32,325.29,25.91,4.985,6.94,28.86,9344.14,0.195,2.46,0,2.46,6.94,33.78,9344.14
"94","ARG1",3.82,4.39,3.96,4.94,1.49,17437.64,13.52,3.155,21.32,8.415,5.63,3.26,17.38,1.49,3.82,4.94,13.52,17437.64
"95","SCGB1C1",0,0,0,0,7.785,0,0,0,0,0,0,0,0,0,0,0,0,7.785
"96","TMEM52B",2.48,6.41,2.32,0.68,3030.565,0,33.06,2.495,5.73,4.24,1.92,0.32,2.53,0,1.92,2.495,5.73,3030.565
"97","C11orf86",0,0,0,92.7,5.865,2.41,0,0,0,0,0,0,0,0,0,0,0,92.7
"98","OTOS",0,0,0,0,1.115,0,0,0,0,0,1838.475,0,0,0,0,0,0,1838.475
"99","TEX19",0,0,0,0,0,0,0,0,0,0,1.37,0,0,0,0,0,0,1.37
"100","TAT",0.44,480.04,2.34,5.54,1.92,26067.14,2.58,0.945,0.83,1.585,1.385,1.38,0.67,0.44,0.945,1.585,2.58,26067.14
"101","LCE3E",0,0,2.16,0,0,0,0,0,0,0,0,0,100.83,0,0,0,0,100.83
"102","TYR",0,0,0,0,0,0,0,0,1.53,0,0,0,0,0,0,0,0,1.53
"103","AKR1C4",0,0,0,0,5.75,10512.82,0.82,0,0.71,5.05,0,0,0,0,0,0,0.82,10512.82
"104","AGMO",22.43,25.35,1.58,14.14,78.965,1378.57,3.08,0.725,2.97,7.72,7.91,2.72,5.845,0.725,2.97,7.72,22.43,1378.57
"105","GYS2",2.58,7.17,1.27,1.33,2.385,2520.38,1.1,0.615,9.27,3.74,2.365,1.105,77.79,0.615,1.27,2.385,7.17,2520.38
"106","DPCR1",1.83,0.11,1.73,0.33,1.265,1,102.25,0.49,4.06,1633.925,1.38,0.085,432.53,0.085,0.49,1.38,4.06,1633.925
"107","MUC2",2.66,0.28,2.23,1242.34,0,0.33,0.27,3.335,1.31,9.705,0.07,0.205,1.62,0,0.27,1.31,2.66,1242.34
"108","EMX1",0,2.29,0,3.59,1567.78,2.86,0.26,0.72,3.38,8.955,1.25,0,6.84,0,0.26,2.29,3.59,1567.78
"109","MEPE",0,0,0,0,0.3,0,0.16,0,0,0,0,0,0,0,0,0,0,0.3
"110","ASGR2",14.56,11.82,7.46,11.38,22.16,22225.61,35,7.545,16.63,9.41,6.7,6.6,11.47,6.6,7.545,11.47,16.63,22225.61
"111","CIDEA",19.11,1721.16,1.71,10.88,0.27,3.35,0.97,2.06,100.83,15.8,4.08,1.93,57.08,0.27,1.93,4.08,19.11,1721.16
"112","ALPPL2",0,0,0,0,0,0,11.55,0,0,0,0,0,0,0,0,0,0,11.55
"113","KRT6C",3.63,7.11,5.28,0.64,0.375,1.41,0.77,1.78,1923.14,10.315,0.335,0,10883.59,0,0.64,1.78,7.11,10883.59
"114","AL136376.1",0,0,0,0,27.405,0,0,0,4.46,0,0,0,0,0,0,0,0,27.405
"115","KRT13",4298.64,19.11,69.03,15.68,5.78,6.46,102.25,577.2,44761.41,104.055,19.97,32.15,602247.76,5.78,19.11,69.03,577.2,602247.76
"116","AC012414.1",0,0,1.1,0,0,0,0,0,0,0,0,0,0,0,0,0,0,1.1
"117","TP53TG3B",0,0.66,0,0,0,0,0,0,0,0,0,0,0,0,0,0,0,0.66
"118","KCNJ1",0.71,2.03,1.93,1.31,6810.79,0.56,4.54,2.25,1.19,1.77,9.63,1.435,2.51,0.56,1.31,1.93,2.51,6810.79
"119","SFTPD",15,32.13,41.81,11.13,49.915,27.64,34876.28,58.92,33.78,22.105,195.72,35.885,37.32,11.13,27.64,35.885,49.915,34876.28
"120","SPEM1",0,0,0,0,0,0,0,0,0,0,0,0.395,0,0,0,0,0,0.395
"121","APOB",3.2,13.83,2.51,2.51,2.655,11745.96,1.25,2.85,0.62,18.905,0.25,1.105,9.78,0.25,1.25,2.655,9.78,11745.96
"122","HABP2",0.68,3.32,16.27,0.05,254.24,7032.37,18.16,1.675,3.08,76.99,0.21,8.99,2.78,0.05,1.675,3.32,18.16,7032.37
"123","SERPINC1",2.51,2.53,3.89,2.66,12.93,54727.32,3.32,2.495,2.92,3.08,2.81,2.41,5.52,2.41,2.53,2.92,3.89,54727.32
"124","F11",0.54,0.07,2.05,2.78,525.87,3928.15,209.84,0.95,0.06,6.57,0.845,2.205,3.5,0.06,0.845,2.205,6.57,3928.15
"125","ATP4A",0.02,1.22,0.84,0.8,0.01,0.57,0,0.34,1.03,1354.875,13.67,0.39,16.03,0,0.34,0.8,1.22,1354.875
"126","LHX3",0,0,0,0,0,0.41,0,0,0,0,0,0,0,0,0,0,0,0.41
"127","NXPH2",0,0,20.86,0,48.12,0,0,0,0.58,0,0,0,0,0,0,0,0,48.12
"128","SLC13A5",0.79,6.67,87.03,0.89,3.26,6840.04,1.55,1.355,12.27,2.025,2.445,10.875,27.64,0.79,1.55,3.26,12.27,6840.04
"129","SLC22A1",6.67,9.56,10.31,9.63,28.655,44761.41,12.18,15.855,6.26,10.75,22.345,11.38,17,6.26,9.63,11.38,17,44761.41
"130","ACSM5",24.28,208.38,23.25,41.22,270.22,5329.3,48.87,15.795,9.41,31.225,131.055,11.47,67.595,9.41,23.25,41.22,131.055,5329.3
"131","GSTA1",19.97,100.13,77.25,52.82,2032.845,74243.68,221.86,181.285,361.04,2451.495,2.61,12.595,145.02,2.61,52.82,145.02,361.04,74243.68
"132","ROS1",0,0,0,1.57,7.46,0.24,988.12,0,0,0.315,0,0,0,0,0,0,0.315,988.12
"133","GNAT1",0,0,0,0,0,2.03,0.11,0,0,0,0,0,1.28,0,0,0,0,2.03
"134","HAMP",9.2,37.05,31.45,6.52,6.675,46019.85,25.54,42.11,13.93,8.745,17.9,27.465,4.94,4.94,8.745,17.9,31.45,46019.85
"135","GIF",0.49,0.16,0.77,2.89,0.195,0.28,0,0.265,0.18,3190.535,0,0.235,12.64,0,0.18,0.265,0.77,3190.535
"136","SLC12A1",0.08,4.03,0.4,0.48,13270.54,1.11,0.25,0.875,0.22,0.665,0.06,0.29,1.01,0.06,0.25,0.48,1.01,13270.54
"137","HIST2H2AB",0,0.92,3.69,0,0,0,1.3,0,0,0,0,0,0,0,0,0,0,3.69
"138","MIOX",0,0.74,0,0,3532.255,2.43,0.71,3.38,0.83,2.735,282.07,0,2.1,0,0,0.83,2.735,3532.255
"139","SCN1A",0,0,1,0.39,0,0,90.77,0,0,0,0,0,0.475,0,0,0,0.39,90.77
"140","SHISA8",0,0,0,0,1.3,0,0,0,0.99,0,0,0,0,0,0,0,0,1.3
"141","AFM",0,0,0,0,121.79,9025.81,0,0,0,1.44,0,0,0,0,0,0,0,9025.81
"142","LRRN4",0.31,1.77,1.27,0.27,74.845,2.68,351.14,1.24,0.79,1.725,0.93,1.64,0.66,0.27,0.79,1.27,1.77,351.14
"143","F7",3.79,12.83,115.97,2.97,9.095,4239.45,2.86,9.595,2.56,4.135,2.745,7.365,5.13,2.56,2.97,5.13,9.595,4239.45
"144","SLC4A1",0.28,0.69,0.13,0,1412.56,2.46,4.5,0.38,0,0.99,1.75,0.47,0.475,0,0.28,0.475,1.75,1412.56
"145","C4BPB",15.91,35.25,5.5,52.08,9.495,11745.96,72.52,1.28,7.75,140.53,1.62,7.37,16.39,1.28,7.37,15.91,52.08,11745.96
"146","CTD-3214H19.16",0,0,0,0,0,0,78.89,0,0,0,0,0,0,0,0,0,0,78.89
"147","SCGB3A2",0,0,0,0,0,0,22850.48,0,18.43,1.515,7.72,0,2.32,0,0,0,2.32,22850.48
"148","GKN1",10.39,1.39,1.71,1.87,0.29,0.68,0.68,2.02,0.51,33571.88,0,0.445,45.53,0,0.51,1.39,2.02,33571.88
"149","PSG1",0,0.66,0,0,0,0,0,0,0.32,0,0,0,0,0,0,0,0,0.66
"150","ITIH2",0.39,16.03,3.56,0.58,11.6,18178.19,12.27,1.065,0.35,0.935,1.02,3.515,1.385,0.35,0.935,1.385,11.6,18178.19
"151","UGT2B7",17.25,13.52,24.28,13.72,4811.185,15934.98,5.5,3.705,10.39,10.63,1.08,21.945,1.33,1.08,5.5,13.52,21.945,15934.98
"152","ORM2",0.74,6.52,80.57,2.32,0.595,209994.66,83.45,255.025,1.35,136.67,2.52,16.36,9.56,0.595,2.32,9.56,83.45,209994.66
"153","TTPA",1.89,22.43,0.61,25.91,11.09,1447.15,10.31,1.31,1.46,5.985,0,0.66,3.38,0,1.31,3.38,11.09,1447.15
"154","TMEM82",0,0,0,35.5,162.19,1583.71,0,0,0,23.845,0,0,0,0,0,0,23.845,1583.71
"155","SERPIND1",18.03,2.43,20.11,1.6,2.1,17558.94,40.93,1.125,2.16,7.28,10.51,30.67,6.21,1.125,2.16,7.28,20.11,17558.94
"156","FGL1",0.47,6.52,8.51,2.25,4.72,96616.71,5.54,4.52,1.46,3.895,1.88,19.055,4.98,0.47,2.25,4.72,6.52,96616.71
"157","BANF2",0,0,0,0,0,0,0,0,0,0,19.11,0,0,0,0,0,0,19.11
"158","PSAPL1",1.75,0.18,0,0.39,0.025,0.06,4.54,0.205,3.17,103.01,0.075,0,3.96,0,0.06,0.205,3.17,103.01
"159","HIST1H4B",0,1.69,0,0,0,0,0,0,0,0,0,0,0,0,0,0,0,1.69
"160","AC016745.1",0,0,0,0,0,0,0,0,0,0,0.385,0,0,0,0,0,0,0.385
"161","SFTA2",0,5.28,56.28,0,112.995,11.04,18560.17,5.085,36.27,257.675,31.335,25.725,1417.35,0,5.28,31.335,112.995,18560.17
"162","SERPINB13",14.78,1.97,2.12,0.26,0.045,0.27,0.49,2.41,480.04,2.72,0.07,0,3515.68,0,0.26,1.97,2.72,3515.68
"163","CDH16",0,0,21.63,2.86,17499.13,2.48,3.44,1.11,10.39,3.275,1437.15,4.88,104.42,0,2.48,3.44,21.63,17499.13
"164","KIR2DL1",0,0,0,0,0,0.91,6.06,0,0,0,0,0,0,0,0,0,0,6.06
"165","REG1A",0.42,1.28,14.45,96.68,77.7,8.92,3.53,3.72,1.33,8658.09,3.84,11.23,289.02,0.42,3.53,8.92,77.7,8658.09
"166","SPDYC",0,0,0,0,2.645,54.33,0.88,0,0,0,0,0,0,0,0,0,0,54.33
"167","TEX37",0,0,1.2,0,0,0,0,0,0,0,0,0,0,0,0,0,0,1.2
"168","PRG4",5.73,103.69,2.76,5.87,1.635,2367.9,275.28,2.13,22.26,6.7,7.34,4.7,37.06,1.635,4.7,6.7,37.06,2367.9
"169","CTD-2006C1.10",0,0,0,0,5.085,0,0,0,0,0,0,0,0,0,0,0,0,5.085
"170","BX842679.1",0,0,0,0,0,0,0,0,0,0,0,2.34,0,0,0,0,0,2.34
"171","CYP4A22",0.92,2.36,0.8,0.33,229.92,6652.97,2.53,0.605,0.35,1.175,0.66,0.35,2.315,0.33,0.605,0.92,2.36,6652.97
"172","FGB",1.57,10.71,17.13,2.14,70.755,363097.14,7.28,1.59,0.69,11.91,1.29,3.755,18.84,0.69,1.59,7.28,17.13,363097.14
"173","FMO3",11.82,92.05,12.55,11.82,108.18,13586.57,463.65,12.32,56.28,54.91,32.475,29.27,111.99,11.82,12.55,54.91,108.18,13586.57
"174","AC007461.1",0,58.3,0,0,0,1.77,0,0,3.76,0,8.13,0,0,0,0,0,1.77,58.3
"175","AGXT",0.75,4.82,1.64,11.38,95.695,59474.18,0.64,1.265,1.69,2.47,0.17,0.36,2.58,0.17,0.75,1.69,4.82,59474.18
"176","RP4-576H24.4",0,0,0,0,0,0,10.16,0,0,0,0,0,0,0,0,0,0,10.16
"177","PNMA6B",0,0,1.87,0,0,0,0,0,0,0,0,0,0,0,0,0,0,1.87
"178","STARD6",0,1.58,0,0,2.475,0,0,0,0,0,0,0,0,0,0,0,0,2.475
"179","HPD",77.25,29.48,15.91,12.27,2109.635,46662.28,26.86,47.5,4.03,17,8.095,21.32,46.835,4.03,15.91,26.86,47.5,46662.28
"180","APOC1",748.61,2193.99,2573.36,624.99,240.37,610654.84,21768.19,455.67,358.54,392.44,1077.65,571.065,171.45,171.45,392.44,624.99,2193.99,610654.84
"181","HPR",5.15,4.7,16.27,6.57,3.64,12853.63,19.82,5.085,1.77,8.16,2.84,3.47,28.04,1.77,3.64,5.15,16.27,12853.63
"182","AQP4",2.39,16.88,15.68,2.97,31.56,12.09,4038.61,9.06,16.27,40.785,224.97,1.705,12.41,1.705,9.06,15.68,31.56,4038.61
"183","PDZK1",6.01,170.25,5.19,25.91,6237.345,2351.53,5.87,7.28,3.63,27.345,8.51,20.86,15.505,3.63,6.01,15.505,27.345,6237.345
"184","TMCO2",1.38,0,0,0,0.69,0,0,0,0,0,0,0,0,0,0,0,0,1.38
"185","AADAC",15.45,33.78,4.21,2.2,0.215,7081.29,162.14,0.51,48.18,458.845,3.575,2.755,42.11,0.215,2.755,15.45,48.18,7081.29
"186","CPN2",0,1.19,0.73,0.64,96.795,4419.52,0.38,0,0.18,0.845,0.53,0.31,0.91,0,0.31,0.64,0.91,4419.52
"187","BEST2",0,0.37,1.06,108.9,0.075,0,0.04,0.27,1.46,0.195,0.38,0.22,2.46,0,0.075,0.27,1.06,108.9
"188","MTTP",9.63,2.01,1.31,8.38,79.56,2777.33,4.06,4.68,1.13,32.13,2.35,1.23,9.165,1.13,2.01,4.68,9.63,2777.33
"189","HIST1H2AJ",0,0,0,0,0,0,0,0,0,0,0,0,7.75,0,0,0,0,7.75
"190","GPA33",1.2,2.2,2.27,791.35,0.735,1.08,108.9,1.515,2.12,34.63,1.39,0.54,2.16,0.54,1.2,2.12,2.27,791.35
"191","RP11-599B13.6",34.26,0,0,0,0,0,0,0,0,0,0,0,0,0,0,0,0,34.26
"192","FGG",2.2,8.19,10.31,2.14,8.155,301123.38,1199.98,1.45,1.85,16.51,1.5,2.375,17.77,1.45,2.14,8.155,16.51,301123.38
"193","PRB2",1.87,0,0,0,0,0,0,0,4.43,0,0,0,0,0,0,0,0,4.43
"194","C6",7,62.56,10.79,16.27,28.24,7230.1,60.82,9.815,10.24,32.475,41.075,19.04,85.225,7,10.79,28.24,60.82,7230.1
"195","DEFA1B",0,0,0,0,0,0,10.55,0,0,0,0,0,0,0,0,0,0,10.55
"196","SBK2",0,0,0,0,0.87,0,0,0,0,0,0,1.685,0,0,0,0,0,1.685
"197","CA6",0,12.93,0,0,0,0,0,0,14.24,0,0,0,0,0,0,0,0,14.24
"198","GLYAT",0,353.59,0,0,2311.31,13123.73,0,0,1.5,1.29,0,0,0,0,0,0,1.5,13123.73
"199","SLC25A47",0.32,0.3,0.8,1.31,9.095,13123.73,0.64,0.675,0.36,1.24,2.97,0.965,0.89,0.3,0.64,0.89,1.31,13123.73
"200","CA1",2.41,2.16,1.39,2645.74,2.055,9.06,19.82,2.785,2.01,23.94,4.045,1.4,6.015,1.39,2.055,2.785,9.06,2645.74
"201","TPO",21.78,109.66,0.62,58.3,0.67,1.2,2.76,4.66,14.24,34.755,75281.905,5.82,199.85,0.62,2.76,14.24,58.3,75281.905
"202","NPHS1",0,0.23,0,0.97,274.46,0,0,0.13,0.34,5.215,0,0,0,0,0,0,0.34,274.46
"203","NR1I2",0.99,2.51,0.88,105.89,2.055,1757.34,2.32,2.66,0.57,16.15,3.82,2.05,2.53,0.57,2.05,2.51,3.82,1757.34
"204","RETNLB",0,0,0,241.19,0,0,0,0,0,0,0,0,0,0,0,0,0,241.19
"205","AL138847.1",0.43,0.56,0.09,0.42,33.18,327.56,0.27,0.29,0.26,2.26,0.42,0.515,1.77,0.09,0.29,0.43,1.77,327.56
"206","DMBT1",7.51,5.63,8.85,98.73,1.14,0.04,2335.28,7.54,277.2,44.73,0.745,9.165,2.56,0.04,2.56,7.54,44.73,2335.28
"207","CHRNA9",0,0,0,0,0,0,0,0,1.2,0,2.01,0,0,0,0,0,0,2.01
"208","ITIH1",2.89,2.71,8.58,3.17,1.63,69271.73,4.66,1.65,2.03,2.81,2.32,4.15,4.82,1.63,2.32,2.89,4.66,69271.73
"209","MAGEA3",0,0,3.23,0,0,0,0,0,0,0,0,0,0,0,0,0,0,3.23
"210","C10orf67",0,0,0,0.77,19.54,0,55.89,0,0,0.76,3.875,0,0.87,0,0,0,0.87,55.89
"211","BHMT",73.54,3.14,2.03,5.82,3987.685,18052.61,2.41,3.705,1.62,22.51,6.545,3.775,75.64,1.62,3.14,5.82,73.54,18052.61
"212","AQP9",9.78,12.09,17.38,6.52,10.315,6840.04,423.61,15.115,6.78,11.955,6.7,13.47,7.28,6.52,7.28,11.955,15.115,6840.04
"213","ALDH8A1",9.41,15.56,9.78,17.9,1011.58,4419.52,10.88,9.445,5.19,9.165,9.815,12.27,68.555,5.19,9.445,10.88,17.9,4419.52
"214","VGLL2",0,0,0,0,0,0,0.32,0,8.06,0,0,0,1.08,0,0,0,0,8.06
"215","ALB",3.66,244.57,21.94,8.51,931.53,2965819.8,10,17.135,2.58,28.755,27.25,21.24,47.84,2.58,10,21.94,47.84,2965819.8
"216","NKX2-3",0,0,0,555.41,0,0.39,0,0,33.06,46.34,8.285,0,11.73,0,0,0,11.73,555.41
"217","UPB1",4.21,3.35,4.28,4.06,209.11,5006.93,15.91,3.705,3.44,4.78,4.15,4.52,9.56,3.35,4.06,4.28,9.56,5006.93
"218","SLC22A7",0.39,0,0.39,0.39,271.125,10225.32,0,2.78,0,0.88,0.38,0.48,1.025,0,0.38,0.39,1.025,10225.32
"219","KNG1",0,0,1.04,6.52,15884.52,56657.31,0.79,0.335,0.16,0.4,0.36,0.33,0.95,0,0.33,0.4,1.04,56657.31
"220","NR0B2",0.65,0,2.53,6.01,371.29,3190.46,115.97,2.01,0,389.72,1.7,0,0,0,0,2.01,115.97,3190.46
"221","FTCD",9.06,5.96,13.83,10.79,761.935,19754.96,3.53,36.925,2.53,9.025,18.97,21.475,32.59,2.53,9.025,13.83,32.59,19754.96
"222","FETUB",0,1.68,0.44,0,4.035,5292.48,0,0,24.81,0,0,0,60.39,0,0,0,4.035,5292.48
"223","ALPP",0.27,0,76.17,0,0,0,81.14,0.2,0,0,0,0,0,0,0,0,0.2,81.14
"224","HRG",0.15,0,0.35,0,686.6,64186.29,0.02,0.13,0.52,0.26,0.21,0.135,1.35,0,0.13,0.21,0.52,64186.29
"225","SPDYE4",0,0,0,0,0,0,0,0,0.22,0,0,0,0,0,0,0,0,0.22
"226","SPRR2G",0,1.03,0,0,0,0,2.27,0,162.14,0,0.77,0,28.24,0,0,0,1.03,162.14
"227","C1orf143",0,0,0,0,0,0,0,0,0,0,2.17,0,0,0,0,0,0,2.17
"228","AMY1A",0.21,1.22,0,0,0,0,7.22,0,27.25,0,2.89,0,0,0,0,0,1.22,27.25
"229","ROPN1",0.69,214.27,0,5.36,0.725,0,0,0.505,6.01,0,0,0.79,0,0,0,0.505,0.79,214.27
"230","AQP12A",0,0,0,20.26,0,0,0,0,0,0,1.23,0,0,0,0,0,0,20.26
"231","CLCA1",0.32,0.17,0.47,1819.35,0,0,0.12,0.17,0.17,15.39,0.08,0.435,0.62,0,0.12,0.17,0.47,1819.35
"232","RP11-944C7.1",0,0,0,0,0,6.52,0,0,0,0,0,0,0,0,0,0,0,6.52
"233","FGF21",0,0,0,0,0,723.08,0,0,0,0,0,0,0,0,0,0,0,723.08
"234","APOC4-APOC2",0,0.39,7.11,0.11,0,65082.31,3.2,2.385,0,0,0.735,0,0,0,0,0.11,2.385,65082.31
"235","HFE2",0.59,0.56,0,0.77,2.235,5791.62,0.69,1.405,17.25,0.63,0.84,1.92,1.88,0,0.63,0.84,1.92,5791.62
"236","PGA3",6.57,34.02,17.38,31.22,19.86,36.27,5.5,13.93,6.89,139066.375,98.73,11.085,775.05,5.5,11.085,19.86,36.27,139066.375
"237","GKN2",1.01,0,1,1.38,0,0,2682.69,0.56,0,8875.05,0,0,9.165,0,0,0.56,1.38,8875.05
"238","SOHLH1",0,0,0,0.46,0,0,0,0,0,0.5,0,0,0,0,0,0,0,0.5
"239","GLRA3",0,11.47,0,0.35,0,0,0.18,0,0.13,0.44,0,0.825,0.4,0,0,0.13,0.4,11.47
"240","SBSN",21.63,3.69,0.39,3.53,0.505,2.25,3.69,1.92,2701.35,11.395,6.46,1.985,14971.21,0.39,1.985,3.69,11.395,14971.21
"241","MTNR1A",0,0,0,4.39,15.345,0,0,0,1.93,0,0,0,0,0,0,0,0,15.345
"242","FAM25G",0,0,0,0,0,0,0,0,0,0,0,0,229.72,0,0,0,0,229.72
"243","KPRP",1.81,0.12,0,0.41,0.14,0.18,0.26,0.165,20.11,2.34,0.39,0.045,72.01,0,0.14,0.26,1.81,72.01
"244","RBL1",0,0,1.07,0,0,0,0,0,0,0,1.83,0,0,0,0,0,0,1.83
"245","CXorf61",0,0,0,0,0,0,0,0,1.13,0,0,0,0,0,0,0,0,1.13
"246","XAGE1B",0,0,0.28,0,0,0,20.71,0,0,0,0,0,0,0,0,0,0,20.71
"247","LYPD8",0,0,0,1081.39,0,0,0,0,0,0,0,0,0,0,0,0,0,1081.39
"248","SERPINA10",0.11,0.46,2.94,1.95,1.505,7642.41,1.62,0.27,0.22,2.825,0.27,0.46,1.16,0.11,0.27,1.16,1.95,7642.41
"249","SLC5A12",4.39,0.46,2.05,4.98,763.52,4.21,0.51,0.48,0.39,3.07,0.42,0.295,1.21,0.295,0.46,1.21,4.21,763.52
"250","HAO1",0,0,0,0,3.455,10368.08,0,0.88,0,0,0,0,0,0,0,0,0,10368.08
"251","CARD17",0,0,0,0,0,0,2.27,0,0,0,0,0,23.93,0,0,0,0,23.93
"252","BPIFA1",0,0,0,0,0,0,36.01,0,21.78,0,0,0,0,0,0,0,0,36.01
"253","FOXG1",0.59,0,0.2,0,0.215,0,0.17,0,0.75,0.47,2.01,0.25,38.81,0,0,0.215,0.59,38.81
"254","APOA2",3.47,1.14,3.79,3.47,10.315,614902.29,2.71,1.84,0.49,6.54,1.84,2.95,9.93,0.49,1.84,3.47,6.54,614902.29
"255","F12",24.63,31.22,34.51,95.34,32.495,16727.26,16.27,28.345,211.31,44.25,12.18,13.265,376.41,12.18,24.63,32.495,95.34,16727.26
"256","RTP3",0.84,0.34,0.59,0,1.92,1225.22,0,0,0.78,0.5,4.82,0.625,0,0,0,0.59,0.84,1225.22
"257","IGF2BP1",0,0,0,0.56,19.465,0,0,0,0,0,0.44,0,0,0,0,0,0,19.465
"258","PRSS56",0,0,0,0,0.175,0,0,0,0,0,0,0,0,0,0,0,0,0.175
"259","CPB2",0.43,0.85,1.27,0.39,0.565,15180.22,470.14,1.19,0.21,0.42,2.06,1.21,0.69,0.21,0.43,0.85,1.27,15180.22
"260","FXYD2",29.27,39.5,5.87,30.12,63093.06,796.86,60.39,25.355,83.45,25.82,31.11,72.01,49.385,5.87,29.27,39.5,72.01,63093.06
"261","PSG5",0,3.66,0,0,12.055,0,0,0,1.41,0,0,0,0,0,0,0,0,12.055
"262","TAS2R1",0,0,0,0,0,0,0,0,0,0,0.45,0,0,0,0,0,0,0.45
"263","AL591684.1",0,0,0,0,0,0,0,0,0,0,0,0,4.7,0,0,0,0,4.7
"264","SERPINA7",0,0,0,0,3.095,5006.93,0,0,0,0,0,0,0,0,0,0,0,5006.93
"265","RPL10L",0,0,2.16,12.45,0,0,0,0,0,0,0,0,0,0,0,0,0,12.45
"266","AC003102.1",0,0.74,0,0,588.69,2.56,2.68,0,0,0,0.84,0,0,0,0,0,0.84,588.69
"267","GUCA2A",1.55,0,0,2915.45,0,3.99,20.71,0.4,0,13.525,0,0,0,0,0,0,3.99,2915.45
"268","SERPINA1",199.85,1233.75,1769.57,1268.46,6903.45,696613.03,23330.64,468.51,334.46,1437.29,869.085,545.875,248,199.85,468.51,1233.75,1769.57,696613.03
"269","ACSM2A",1.14,2.53,0.75,1.04,2612.375,10733.74,1.14,0.53,0.4,1.24,4.15,1.45,2.875,0.4,1.04,1.24,2.875,10733.74
"270","AGER",94.01,65.72,142.01,97.36,35.455,53.57,46019.85,80.3,37.85,87.645,1290.655,180.65,247.14,35.455,65.72,94.01,180.65,46019.85
"271","SLC2A2",0,0,1.33,0,146.65,11664.82,0,0,0,0,0,0,0,0,0,0,0,11664.82
"272","XAGE1E",0,0,0,0,0,0,7.94,0,0,0,0,0,0,0,0,0,0,7.94
"273","DSG3",2.89,173.85,1.48,0.92,0.1,0.54,0.88,8.415,1628.26,10.005,0.41,0,5954.47,0,0.54,1.48,10.005,5954.47
"274","LST3",0,0,0,0,0,15.34,0,0,0,0,0,0,0,0,0,0,0,15.34
"275","PDCL2",0,0,0,0,0,0,0,0,0,0,0,0,6.41,0,0,0,0,6.41
"276","LCE3D",0,0,0,0,0,0,0,0,152.28,0,0,0,124.37,0,0,0,0,152.28
"277","METTL7B",10.63,18.43,18.97,116.78,516.425,3614.55,60.82,11.04,10.71,74.58,55.49,12.735,9.095,9.095,11.04,18.97,74.58,3614.55
"278","C1orf200",0,0.79,0,0,0,0,2.03,0,0,0,0,0,0,0,0,0,0,2.03
"279","CYP2D6",12.45,18.29,23.76,45.53,12.89,8718.32,18.16,15.68,8.51,46.51,49.91,18.635,69.52,8.51,15.68,18.635,46.51,8718.32
"280","GC",0,0.1,1.3,0.78,46.67,82378.63,0.26,1.165,0.09,121.365,0.19,0.49,8.545,0,0.19,0.78,8.545,82378.63
"281","TCF23",1.68,1.81,55.1,0,0,0,0,0,0,1.11,0,503.96,0,0,0,0,1.68,503.96
"282","ZBED2",9.2,1.85,14.89,2.12,9.105,0.43,231.32,4.64,87.65,5.585,1757.385,4.26,185.11,0.43,4.26,9.105,87.65,1757.385
"283","SLC22A10",0,0.8,0.84,0,0.81,1286.18,3.29,2.375,0.52,0.37,0.36,0.835,3.66,0,0.37,0.81,2.375,1286.18
"284","HIST1H2AB",0,0,7.88,0,0,0,0,0,0,0,0,0,0,0,0,0,0,7.88
"285","NKX2-1",0,0.19,0,0.35,0.155,0.21,2163.77,0.5,0.54,0.61,4123.49,0.45,0.93,0,0.19,0.45,0.61,4123.49
"286","SPAG11B",0,0,0,0,0,0,0,0,0,0,0,0,0.91,0,0,0,0,0.91
"287","F2",0.75,0.23,1.75,1.91,1.955,29943.43,0.19,0.85,0.06,2.655,0.59,1.475,5.21,0.06,0.59,1.475,1.955,29943.43
"288","PON1",1.25,6.78,11.82,3.96,7.14,27938.14,15.56,12.37,1.3,2.76,2.16,4.54,2.53,1.25,2.53,4.54,11.82,27938.14
"289","MT1B",0,0,0,0,0,24.99,0,0,0,0,0,0,0,0,0,0,0,24.99
"290","IGSF23",0,0,0,0,7.58,281.09,0,0,0,0,0,0,0,0,0,0,0,281.09
"291","TM4SF5",0,0,0,94.01,297.18,4268.94,0,0,0,320.8,0,0,0,0,0,0,94.01,4268.94
"292","FAM216B",0,0,7.57,1.16,0,0,78.89,0,0,0,0,7.46,0,0,0,0,1.16,78.89
"293","ZG16",0.06,0.39,0.25,2004.85,0.51,256.78,0,0.16,0.09,8.92,0.57,0,0.57,0,0.09,0.39,0.57,2004.85
"294","MUC7",0.07,4.74,0,0,0,0,0,0,656.11,0,0,0.25,1.3,0,0,0,0.25,656.11
"295","HP",23.25,95.34,802.41,20.71,17.32,1545882.32,1572.76,19.535,89.51,21.865,17.64,115.935,49.04,17.32,20.71,49.04,115.935,1545882.32
"296","TSHR",3.17,11.91,2.84,4.46,2.545,3.86,2.48,3.545,2.89,6.41,7130.55,6.725,3.41,2.48,2.89,3.545,6.41,7130.55
"297","KLKB1",7.11,8.51,19.68,17,25.505,3982.99,11.47,8.125,3.35,7.515,31.67,13.42,41.96,3.35,8.125,13.42,25.505,3982.99
"298","CSF2",0,0,0,0,0,0,51.35,0,0,0,0,0,0,0,0,0,0,51.35
"299","ADH7",5.92,1.3,3.17,0.15,0,3.72,4.66,0.62,223.41,99.08,0,0.115,6250.56,0,0.15,3.17,5.92,6250.56
"300","UGT3A1",0,0,0,0,808,551.56,0,2.25,0,0,0,0,0,0,0,0,0,808
"301","SSX1",0,0,0,0,0,0,0,0,0,0,5.52,0,0,0,0,0,0,5.52
"302","C8orf74",0,0,1.36,0,0,0,0,0,0,0,0,0,0.83,0,0,0,0,1.36
"303","CCL18",88.88,157.68,0,121.79,3.805,46.18,6652.97,11.255,199.85,67.835,68.8,10.32,149.13,0,11.255,68.8,149.13,6652.97
"304","AC138517.1",0,0,0,0,0,0,0,0,3.47,0,0,0,0,0,0,0,0,3.47
"305","FABP12",0,0,0,0,0,0,0,0,0,0,0,0,41.52,0,0,0,0,41.52
"306","GSTA2",2.29,1.73,3.29,2.63,1053.41,7280.4,23.76,7.6,7.75,93.095,0,0,2.68,0,2.29,3.29,23.76,7280.4
"307","LHX5",0,0,0,0,0,0,0,0,0,7.94,0,0,0,0,0,0,0,7.94
"308","UGT2B4",0.39,6.16,0,0,0.715,11189.6,21.78,2.605,0,0,0,0,0,0,0,0,2.605,11189.6
"309","NBPF4",0,5.11,0,0,0,0,0,0,0,0,0,0,0,0,0,0,0,5.11
"310","SERPINA6",0.56,9.48,476.71,11.82,802.59,11992.79,2.25,0.49,0,1.92,0,8.42,0.96,0,0.56,2.25,11.82,11992.79
"311","TFF2",3.03,3.44,16.51,24.11,0,24.81,0,1.9,2.53,21619.895,62.56,1.87,21.63,0,1.9,3.44,24.11,21619.895
"312","C1orf94",0,0,0,0.73,0,0,0,0,0,0,0,0,0.725,0,0,0,0,0.73
"313","AL590560.1",0,0,0,0,0,0,8.13,0,0,0,0,0,0,0,0,0,0,8.13
"314","PGLYRP2",4.31,17.77,0.85,0,0.42,6207.38,0.47,4.045,1.27,1.455,0.71,0.87,0.64,0,0.64,0.87,4.045,6207.38
"315","NKX6-1",0.04,4.31,3.41,0.16,0.55,0,0.91,0.445,0.74,3.055,67.835,1.9,1111.82,0,0.445,0.91,3.41,1111.82
"316","NAPSA",10.08,21.16,21.78,24.63,1222.625,15,84109.6,23.175,8,19.97,38.535,29.375,23.25,8,19.97,23.175,29.375,84109.6
"317","FGF19",0,1.87,0,0,0,0,0,0,0,0,0,0,0,0,0,0,0,1.87
"318","SPIC",0,0,0,0,0,11.64,0,0,0,0,0,0,1.81,0,0,0,0,11.64
"319","AQP2",0.85,1.51,0,0,33695.52,0,1.11,11.865,1.83,0.815,0.9,0.345,0.56,0,0.345,0.85,1.51,33695.52
"320","CYP2C9",0.89,1.01,0.62,4.82,16.09,33688.23,3.86,0.2,7.51,193.01,0.25,0.21,181.28,0.2,0.62,3.86,16.09,33688.23
"321","MAB21L2",4.39,0.6,0.77,1605.83,0.645,19.53,1.19,3.245,3.26,10.59,59.34,0.455,12.83,0.455,0.77,3.26,12.83,1605.83
"322","TUSC5",6.36,1519.15,4.13,5.63,0.945,0.27,0.64,0.515,8.32,5.61,4.085,2.01,4.05,0.27,0.945,4.085,5.63,1519.15
"323","DEFA4",0,0,0,0,0.62,3.86,11.21,0,0,0,0.95,0,0,0,0,0,0.62,11.21
"324","SLC22A11",0.75,7,7.63,1.77,797.805,10.88,0.6,1.57,0.23,0,1.95,5.06,0.185,0,0.6,1.77,7,797.805
"325","SLURP1",5.06,5.06,1.43,1.6,0.5,0.83,1.31,5.61,902.89,12.98,1.22,0.84,11584.24,0.5,1.22,1.6,5.61,11584.24
"326","DMRT1",0,0,0,0,0,0,0,0,0,0,4.62,0,0,0,0,0,0,4.62
"327","ATP6C",0,0,2.34,0,0,0,0,0,0,0,0,0,3.47,0,0,0,0,3.47
"328","MT4",0,0,0,0,0,0,0,0,0,0,0,0,17.9,0,0,0,0,17.9
"329","HMX3",0,0,0,5.45,1.26,0,0,0,0,0,0,0,0,0,0,0,0,5.45
"330","REG3A",0.72,0.21,0.55,12.74,0.425,1.69,0.32,0.85,0.21,1217.48,0.8,0.67,10.92,0.21,0.425,0.72,1.69,1217.48
"331","ITIH3",20.86,28.24,82.87,19.68,34.775,36610.26,92.7,16.63,7.17,17.64,29.805,49.575,49.39,7.17,19.68,29.805,49.575,36610.26
"332","S100A7A",0,0,0,0,0,0,0,0,0,0,0,0,2.84,0,0,0,0,2.84
"333","KB-1980E6.3",0,2.1,0,0,0,0,0,0,1.08,0,0,0,0,0,0,0,0,2.1
"334","LHX9",0,0,0,0,0,5.15,13.12,0,0,0,0,1.715,0,0,0,0,0,13.12
"335","UGT1A7",21.32,1.58,0.65,1.33,3.16,3.69,0,0.295,63.89,5.28,0,0,1250.98,0,0.295,1.58,5.28,1250.98
"336","FABP9",0,3.44,0,0,0,0,0,0,0,0,0,0,0,0,0,0,0,3.44
"337","FXYD4",25.17,0,0,0,8080.505,0,58.71,8.155,5.82,53.76,0,0,0,0,0,0,25.17,8080.505
"338","IGFL1",13.93,6.06,0,0,1.445,0,0,0,116.78,0,0,0,1066.48,0,0,0,6.06,1066.48
"339","ASGR1",22.26,26.67,75.11,24.81,16.27,19482.97,101.54,23.505,20.71,28.755,193.695,43.02,33.78,16.27,23.505,28.755,75.11,19482.97
"340","CSN1S1",0,34.75,0,0,0,0,0,0,0,0,0,0,0,0,0,0,0,34.75
"341","FAM26D",0,0,0,0,4.35,0,0,0,0,0,0,0,0,0,0,0,0,4.35
"342","S100A7",31.22,20.11,23.76,2.29,1.95,2.14,7.57,4.26,3847.29,9.41,1.275,2.96,1769.57,1.275,2.29,7.57,23.76,3847.29
"343","PLG",0.49,0.89,10.16,1.69,1153.435,97965.44,4.03,2.825,1.1,1.585,1.2,5.11,1.77,0.49,1.2,1.77,5.11,97965.44
"344","RFPL4A",0,0,0,1.13,1.4,15.11,0,0,0,1.005,0,0,0,0,0,0,1.005,15.11
"345","CYP2B6",0,0,0,18.56,115.52,6652.97,1.5,0,0,0,0,0,0,0,0,0,1.5,6652.97
"346","KRT4",103.69,9.93,18.03,5.82,1,5.06,497,110.82,8363.13,50.28,5.19,2.425,211455.3,1,5.19,18.03,110.82,211455.3
"347","CA9",16.27,3.35,16.63,18.16,7.25,42.11,4.5,6.465,7.94,2193.99,2.71,16.21,75.375,2.71,6.465,16.21,18.16,2193.99
"348","SPRR2E",5.19,3.38,1.85,2.07,0.46,1.64,3.44,1.19,2485.67,11.775,1.355,1.035,13586.57,0.46,1.355,2.07,5.19,13586.57
"349","CNTNAP5",0.35,0,0,0.61,3.53,0,0,0,0,0,0,0,0,0,0,0,0,3.53
"350","DMRT3",0,28.04,0,0.29,0,0,0.26,0,11.91,0,151.795,2.97,4.74,0,0,0.26,4.74,151.795
"351","LHX1",0,0,0,0,165.695,0,0,0,0,0,0,0,0,0,0,0,0,165.695
"352","KRT78",4.9,0.84,6.84,1.39,0.46,0.73,1.81,1.14,872.1,10.51,5.475,0.46,10084.54,0.46,0.84,1.81,6.84,10084.54
"353","HPX",13.12,98.73,33.54,28.04,5.475,132900.7,18.29,30.23,5.36,11.64,19.97,30.125,42.41,5.36,13.12,28.04,33.54,132900.7
"354","ANGPTL3",1.16,2.01,2.29,1.27,362.405,8479.89,0.55,1.9,0.6,12.315,1.555,1.495,4.84,0.55,1.27,1.9,4.84,8479.89
"355","KRT20",152.28,0.06,1.95,2591.27,0.12,0.02,0,0.46,1.64,597.445,0,0.265,6.01,0,0.06,0.46,6.01,2591.27
"356","SPATS1",0,0,0,0,0,0,7.17,0,0,0,0,0,0,0,0,0,0,7.17
"357","CTC-454I21.3",0,0,0,0,3.06,0,0,0,0,0,0,0,3.745,0,0,0,0,3.745
"358","MARCO",123.5,209.84,7.69,76.71,16.51,1457.23,7803.01,19.82,88.88,24.375,26.67,18.635,123.935,7.69,19.82,76.71,123.935,7803.01
"359","TGM3",1.69,3.08,10.31,9.34,1.075,3.79,7.69,12.98,1295.13,26.765,1.65,3.82,25179.16,1.075,3.08,7.69,12.98,25179.16
"360","TG",32.13,8.58,3.08,20.56,63.67,18.03,18.84,126.58,23.42,16.33,802981.305,23.845,52.82,3.08,18.03,23.42,52.82,802981.305
"361","IFNL1",0,0,6.11,0,0,0,0,0,0,0,0,0,0,0,0,0,0,6.11
"362","PAQR9",0,0,0,0,0.39,279.14,0,0,0,0,0,0,0,0,0,0,0,279.14
"363","LBP",0.53,45.21,3.79,1.57,25.265,18819.27,2.51,0.995,10.55,1.095,7.69,2.405,2.28,0.53,1.57,2.51,10.55,18819.27
"364","CCL16",4.62,9.78,8.19,3.76,2.245,2855.44,4.1,3.755,1.1,2.25,5.73,11.085,8.85,1.1,3.755,4.62,8.85,2855.44
"365","C1orf158",0,0,8.25,0,0,0,26.67,0,0,0,3.125,0,0,0,0,0,0,26.67
"366","ACSM2B",1.66,5.41,3.26,1.85,2546.705,15075.35,1.99,0.77,0.38,1.93,7.31,3.455,4.19,0.38,1.85,3.26,5.41,15075.35
"367","AF165138.7",0,0,0,0,0,0,0.47,0,0,0,0,0,0,0,0,0,0,0.47
"368","C8orf12",0,0,0,0,0,0,4.78,0,0,5.32,26.005,0,0,0,0,0,0,26.005
"369","TMEM8C",0,0,0,0,9.345,0,1.17,0,0,0,0,0,0,0,0,0,0,9.345
"370","PTH",0,0,0,0,0,0,0,0,0,1.59,0,0,0,0,0,0,0,1.59
"371","IQCF3",0,0,0,0,0.695,0,0,0,0,0.155,0,0,0,0,0,0,0,0.695
"372","TM4SF4",6.16,4.9,8.06,30.78,17.44,7695.57,15.56,1.23,1.23,261.3,7.515,8.655,31.675,1.23,6.16,8.655,30.78,7695.57
"373","KLK13",10.16,26.28,67.59,14.24,1.735,1.23,21.63,25.91,1617,52.65,8.65,15.335,17558.94,1.23,10.16,21.63,52.65,17558.94
"374","C19orf59",6.21,3.23,1.66,4.46,2.66,6.52,2367.9,3.455,3.2,5.06,4.205,2.305,5.585,1.66,3.2,4.205,5.585,2367.9
"375","GCGR",0.72,0.39,14.14,8.19,301.535,2875.3,0.82,0.975,2.78,2.695,1.73,0.71,4.35,0.39,0.82,2.695,8.19,2875.3
"376","TMPRSS6",1.38,8.19,2.84,7.51,1.96,2468.49,17.64,3.365,1.31,14.945,2.385,4.19,4.31,1.31,2.385,4.19,8.19,2468.49
"377","TDO2",10.71,4.94,7.63,25.72,16.27,14765.09,39.79,11.09,12.09,14.45,2.215,8.19,17.13,2.215,8.19,12.09,17.13,14765.09
"378","SLC17A3",0.64,0.71,0,0.67,607.93,366.09,2.66,1.04,0,0,0.515,1.19,0,0,0,0.67,1.19,607.93
"379","KRT6A",46.84,65.72,29.06,5.11,1.48,4.9,23.76,33.42,34158.52,39.785,5.32,3.055,121448.75,1.48,5.11,29.06,46.84,121448.75
"380","CTAG1B",0,0.27,0,0,0,0,0,0,0,0,0,0,0,0,0,0,0,0.27
"381","CALB1",5.28,2.92,13.03,5.68,1668.76,1.85,3.92,1.94,1.73,5.145,2.86,1.8,9.2,1.73,1.94,3.92,5.68,1668.76
"382","TMEM114",0,0,0,1.93,0,0,0,0,0,0,0,0,2.84,0,0,0,0,2.84
"383","TBATA",0,0,0,0,0.77,0,0,0,0,0,0,0,0,0,0,0,0,0.77
"384","LY6D",1015.93,90.77,13.52,4.35,1.5,2.61,8.06,59.6,5517.27,28.14,2.595,3.725,33224.42,1.5,3.725,13.52,90.77,33224.42
"385","NPHS2",3.32,0,0,0.84,1217.48,0,0,0,0,0.99,0,0,0,0,0,0,0.84,1217.48
"386","IGFALS",2.61,6.06,20.41,12.64,18.63,3081.75,51.35,6.78,3,84.925,21.395,7.11,22.18,2.61,6.78,18.63,22.18,3081.75
"387","COX8C",0,0,0,0,0,0,0,0,0,0,0,2.92,2.42,0,0,0,0,2.92
"388","ONECUT1",0,0,0.67,0,0,115.97,0,0,0,0,0,0,0,0,0,0,0,115.97
"389","PROZ",1.6,1.17,1.53,2.53,67.95,1794.29,1.2,2.27,0.74,3.085,2.46,1.86,3.63,0.74,1.53,2.27,3.085,1794.29
"390","C5orf27",1.16,19.97,3.14,2.78,25.13,1447.15,3.69,3.03,13.03,4.045,3.29,1.66,9.095,1.16,3.03,3.69,13.03,1447.15
"391","RP11-595B24.2",0,0,0,0,0,40.64,0,0,0,28.04,0,0,0,0,0,0,0,40.64
"392","DPPA4",0.39,0,0.53,0,0,8.71,1.55,0,0,0,0.85,0,0,0,0,0,0.53,8.71
"393","AVP",0.74,0.57,0,0,4.58,0,0,0,0,0,0,0,0,0,0,0,0,4.58
"394","LCE2D",0,0,0,0,0,2.68,0,0,0,0,0,0,0,0,0,0,0,2.68
"395","TMX2-CTNND1",0,0,0,0,0,0,0,0,0,0,0,2.825,4.82,0,0,0,0,4.82
"396","HAO2",1.14,4.28,0,0.73,1595.34,8901.53,0.4,1.3,1.69,0.635,1.08,1.43,0.51,0,0.635,1.14,1.69,8901.53
"397","SPRR2A",7.82,4.74,8.38,3.44,7.545,3.29,13.93,1.95,6561.36,27.455,1.62,0.945,63742.91,0.945,3.29,7.545,13.93,63742.91
"398","IBSP",0,0,0,0,0,0,0,0,0.78,0,0,0,0,0,0,0,0,0.78
"399","FCAMR",0,0,0,8.65,237.88,73.03,0,0,1.57,0,0,0,1.46,0,0,0,1.57,237.88
"400","SFTPA1",3.41,2.51,0.08,4.7,0.915,0.88,542775.98,10.01,5.63,2.27,3.395,0.68,4.68,0.08,0.915,3.395,4.7,542775.98
"401","AL353583.1",0,2.51,0,0,0,0,0,0,0.87,0,0,0,0,0,0,0,0,2.51
"402","FAM25C",6.84,0,0,0,0,0,0,0,55.1,0,0,0,141.02,0,0,0,0,141.02
"403","SAA1",120.1,31215.04,612.11,110.43,112.995,149521.18,376.41,196.46,4358.66,179.395,21.32,20.19,325.29,20.19,112.995,196.46,612.11,149521.18
"404","KRTAP1-1",0,0,0,0,0,0,0,0,2.12,0,0,0,0,0,0,0,0,2.12
"405","CLEC6A",0,0,0,0,0,0,10.88,0,0,0,0,0,0,0,0,0,0,10.88
"406","NKX6-2",0,0,0,0,1.535,0,0,0,0,96.68,0,0,14.45,0,0,0,0,96.68
"407","CHRNA6",0,0,0,0,0,0,0,0,0,0,1.46,0,0,0,0,0,0,1.46
"408","MUC5AC",0.96,0.07,2.48,1.93,0.03,0.17,3.5,1.54,5.5,5059.305,0,0.28,6.62,0,0.17,1.54,3.5,5059.305
"409","CHST13",3.82,5.15,4.58,12.45,46.84,718.08,11.91,1.95,2.01,7.69,1.5,3.365,3.44,1.5,3.365,4.58,11.91,718.08
"410","ADIG",0,0,0,0,2.905,0,0,0,0,0,52.82,0,0,0,0,0,0,52.82
"411","C1orf189",0,0,0,0,0,0,35.76,0,0,0,0,0,0,0,0,0,0,35.76
"412","SPP2",0,0,0,0,0,10014.87,0,0,0,0,0,0,0,0,0,0,0,10014.87
"413","APOF",0,3,0,0,1.005,7966.99,0,16.69,0.58,0,0,0,0,0,0,0,1.005,7966.99
"414","LCE1B",0.16,0,0,0,0,0,0,0,2.68,0,0,0,0.96,0,0,0,0,2.68
"415","FMR1NB",0,0,2.01,0,0,1.64,0,0,0,0,0,0,0,0,0,0,0,2.01
"416","C8B",0,0.93,1.64,0,0.695,13968.57,108.9,0,0.8,0.32,0,0,0,0,0,0.32,0.93,13968.57
"417","ATP4B",0.49,0.21,3,0.74,11.125,0.25,0.58,0.81,0.16,2090.085,3.975,1.76,9.7,0.16,0.49,0.81,3.975,2090.085
"418","SLC10A1",0.91,0.67,0.6,1.69,0.31,9279.58,1.08,0.645,0.93,1.585,0.77,0.84,1.64,0.31,0.67,0.91,1.585,9279.58
"419","BARX1",0.87,5.36,0,4.82,0,2.56,1.01,1.15,30.12,500.46,10.08,1.625,2627.52,0,1.01,2.56,10.08,2627.52
"420","NCBP2L",0,0,0,0,0,0,0,0,0.97,0,0,0,0,0,0,0,0,0.97
"421","SFTPB",1.23,4.28,0,4.43,13.12,1.66,469249.9,2.85,2.23,4.545,527.25,1.63,9.89,0,1.66,4.28,9.89,469249.9
"422","SERPINA4",0.73,1.14,8.25,0,147.575,8078.22,0,6.7,0.21,145.02,0,8.035,0,0,0,1.14,8.25,8078.22
"423","SLC34A1",0.99,0,0,0,528.24,24.46,0.21,1.195,0,0,0,0,5.63,0,0,0,1.195,528.24
"424","SAGE1",0,0,0,0,0,0,0,0,0.08,0,0,0,0,0,0,0,0,0.08
"425","UMOD",0,2.01,0,0,103752.855,0,0,2.71,0,2.635,0,0,0,0,0,0,2.01,103752.855
"426","RP11-73M18.2",0,107.38,0,0,0,0,0,0,0,0,0,0,5.345,0,0,0,0,107.38
"427","PPY",0,0,0,0,0,0,0,0,0,0,18.36,0,0,0,0,0,0,18.36
"428","INHBC",0.29,0.87,0.89,0,2.41,1572.76,0.69,4.135,0.48,0,6.16,0.8,0,0,0.29,0.8,2.41,1572.76
"429","KRTAP3-2",0,0,0,0,0,0,0,0,7.22,0,0,0,12.27,0,0,0,0,12.27
"430","FAM25A",0,0,0,0,0,0,0,0,693.58,0,0,0,3303,0,0,0,0,3303
"431","GUCA2B",0,0,0,733.19,3.845,105.15,0,0,0,70.505,0,0,0,0,0,0,3.845,733.19
"432","PVALB",47.5,19.82,0,7,2523.355,105.89,47.5,6.94,11.04,10.08,26.095,12.69,5.725,0,7,12.69,47.5,2523.355
"433","CLEC4M",2.36,3.38,13.12,4.74,3.085,791.35,34.75,2.01,0,1.31,3.335,26.02,1.57,0,2.01,3.335,13.12,791.35
"434","S100A9",3564.78,1540.37,571.05,1015.93,710.745,1340.84,14361.31,827.915,226632.25,3103.19,536.465,228.325,496005.67,228.325,710.745,1340.84,3564.78,496005.67
"435","CA5A",0,0,0,0,0,884.29,0,0,0,0,0,0,0,0,0,0,0,884.29
"436","DPPA5",0,0,0,0,0,0,0,0,0,0,1.81,0,0,0,0,0,0,1.81
"437","SFTA3",0,0,0,0,0.075,0,6079.61,0,0,0.42,5112.16,0,0.665,0,0,0,0.42,6079.61
"438","DYDC1",0,0,0,0,0,0,7.34,0,0,0,0,0,0,0,0,0,0,7.34
"439","GNGT1",4.03,0,0,0,4.505,0,0,0,0,0,0,0,0,0,0,0,0,4.505
"440","LEP",4.74,1721.16,1.22,3.47,0.98,0.21,0.53,0.455,2.03,3.045,0.78,0.395,2.01,0.21,0.53,1.22,3.045,1721.16
"441","DSCR8",0,0,0,0,6.495,0,0,0,0,0,0,0,0,0,0,0,0,6.495
"442","SULT2A1",23.59,0.01,0.6,1.35,0.145,19482.97,0.1,1.57,0.14,47.17,0,0.16,2.23,0,0.14,0.6,2.23,19482.97
"443","AKR1D1",0,1.79,0,0,0,4671.57,0,0,0.48,0,0,0,0,0,0,0,0,4671.57
"444","SHD",0,0,0.52,78.34,0.97,476.71,1.01,0.7,0,0,0,0,0.28,0,0,0.28,0.97,476.71
"445","XAGE1C",0,0,0.35,0,0,0,6.57,0,0,0,0,0,0,0,0,0,0,6.57
"446","FAM151A",2.27,2.16,0,14.35,656.255,189.02,0,0.955,2.16,5.05,3.875,0.92,4.35,0,0.955,2.27,5.05,656.255
"447","UGT1A9",0,0,0,0,893.59,463.65,0,0,0,0,0,0,0,0,0,0,0,893.59
"448","KRTAP5-6",0,0,0,0,0,7.57,0,0,0,0,0,0,0,0,0,0,0,7.57
"449","HIST1H1A",0,0,2.34,0,0,0,0,0,0,0,1.505,0,0,0,0,0,0,2.34
"450","FOXE1",1.5,1.35,0.47,0.19,1.99,0.22,0.57,7.085,66.18,1.44,3028.8,0,176.29,0,0.47,1.44,7.085,3028.8
"451","KRTAP2-3",0,0,0,0,5,0,0,0,0,0,0,0,0,0,0,0,0,5
"452","TTR",14.45,1,2.32,33.78,47.72,164758.26,2.92,18.035,1.93,136.67,2.78,4.37,25.085,1,2.78,14.45,33.78,164758.26
"453","FOXL2",1.16,0.51,791.35,0.23,0.095,0,0,1.715,0,0,0.37,241.245,1.51,0,0,0.37,1.51,791.35
"454","XAGE1D",0,0,0,0,0,0,15.68,0,0,0,0,0,0,0,0,0,0,15.68
"455","CYP2A7",2.18,4.39,4.82,0.73,0.03,1561.89,2.39,2.39,0.57,0,0,4.545,0.36,0,0.36,2.18,4.39,1561.89
"456","APOH",0.95,0.58,6.46,16.15,58.095,194578.47,171.45,2.985,0.49,14.945,0.675,2.79,6.645,0.49,0.95,6.46,16.15,194578.47
"457","PCK1",3.92,470.14,4.28,890.44,6337.98,40062.48,2.39,3.26,13.62,56.88,8.99,12.155,15.8,2.39,4.28,13.62,470.14,40062.48
"458","LIPC",23.42,16.15,24.28,20.41,391.1,3665.02,13.52,8.58,6.41,14.4,27.84,10.12,9.415,6.41,10.12,16.15,24.28,3665.02
"459","BAAT",0.38,0.43,0.42,0.41,2.025,9673.69,6.73,0.52,0.79,0.805,0.61,0.465,0.725,0.38,0.43,0.61,0.805,9673.69
"460","RP11-322E11.6",0,0,0,0,0,0,0,0,0,0,0,0,7,0,0,0,0,7
"461","DEFA6",0,0,0,23.76,0,0,0,0,0.43,0,0,0,0,0,0,0,0,23.76
"462","CLPSL2",0,10.88,0,0,0,0,0,0,0,0,0,0,0,0,0,0,0,10.88
"463","F8A2",0,0,178.77,0,0,0,0,0,0,0,0,0,0,0,0,0,0,178.77
"464","MRAP",2.16,532.74,3.96,4.66,0,17.64,5.5,0,3.79,4.275,0.69,0,2.04,0,0.69,3.79,4.66,532.74
"465","LRRC19",0.27,0.67,0.36,120.1,518.26,10.88,3.59,0.85,0.07,4.19,1.12,1.21,1.05,0.07,0.67,1.12,4.19,518.26
"466","UBE2U",0,0,0,0,0,0,0,0,0,2.77,0,0,0,0,0,0,0,2.77
"467","MSX1",167.9,115.97,24660.96,17.13,31.805,8.92,60.39,50.98,27.44,35.125,91.09,649.98,73.03,8.92,31.805,60.39,115.97,24660.96
"468","GSTA3",0,0,54.72,0,0,0,27.84,0,0,6.81,0,0,0,0,0,0,0,54.72
"469","A2ML1",30.12,9.63,4.74,1.64,0.63,0.95,1.64,14.89,780.44,13.93,1.91,2.955,10512.82,0.63,1.64,4.74,14.89,10512.82
"470","KRT25",0,0,0,1.07,0,0,0,0,0,0,0,0,0,0,0,0,0,1.07
"471","SLCO6A1",0,0,2.25,0,0.275,0,0,0,0,0,0,0,0,0,0,0,0,2.25
"472","SFTPC",0,3,1.69,10.71,2.355,2.46,1589343.01,9.235,7.4,7.225,135.245,2.72,21.705,0,2.46,7.225,10.71,1589343.01
"473","CARD18",0,0,0,0,0,0,0,0,0,0,0,0,43.94,0,0,0,0,43.94
"474","SPRR2B",0,0,0,0,0,0,0,0,132.44,0,0,0,486.75,0,0,0,0,486.75
"475","BTNL3",0.37,0.46,0,113.56,0.215,0.56,2.01,0.225,0.26,7.515,0.98,0.47,1.065,0,0.26,0.47,1.065,113.56
"476","AL021546.6",5.28,0,0,0,0,0,0,0,0,0,0,0,0,0,0,0,0,5.28
"477","PLIN1",41.52,9945.68,22.26,54.33,11.1,351.14,6.41,15.39,60.39,41.81,34.14,11.775,65.95,6.41,15.39,41.52,60.39,9945.68
"478","RP11-81K2.1",1.19,0,0,0,0,0,0,0,0.73,0,0,0,0,0,0,0,0,1.19
"479","CES5A",0,0,0,0,0.74,104.42,0,0,1.6,0,0,0,0,0,0,0,0,104.42
"480","HIST1H3G",4.43,0,0,0,0,0,0,0,0,0,0,0,9.48,0,0,0,0,9.48
"481","LCE5A",0,0,0,0,0.56,0,0,0,4.24,0,0,0,2.46,0,0,0,0,4.24
"482","TREML4",0,0.04,0,0,0.21,0,3.99,0,0.16,0,0,0.04,0,0,0,0,0.04,3.99
"483","HIST1H3F",0,0,0,0,0,0,0,0,0,0,0,0,3.99,0,0,0,0,3.99
"484","RAET1L",0,3.56,2.66,0,7.88,0,0,1.74,295.11,0,0,0,961.07,0,0,0,3.56,961.07
"485","BPIFB4",0,0,0,0,0,0,0,0,0,0,0.39,0,0,0,0,0,0,0.39
"486","XAGE1A",0,0,0,0,0,0,9.93,0,0,0,0,0,0,0,0,0,0,9.93
"487","LBX1",0,0,0,0,0,0,1.22,0,0,0,0,0,0,0,0,0,0,1.22
"488","TLX1",0,0,0,0.82,0,6.21,0,0,24.28,2.06,0.22,0,0,0,0,0,0.82,24.28
"489","PRODH2",0,0,0,0,855.79,4736.79,0,0,0,1.595,0,0,0,0,0,0,0,4736.79
"490","MS4A12",0,0,0.72,785.88,0,0,0,0,0,0,1.49,0,0,0,0,0,0,785.88
"491","C8G",10.39,9.85,28.24,62.56,13.62,12415.75,13.72,11.255,13.52,63.225,26.86,15.055,30.56,9.85,13.52,15.055,30.56,12415.75
"492","SLC12A3",0.79,2.05,0.93,0.75,1813.935,0,2.12,2.945,1.16,3.61,0.89,0,2.23,0,0.79,1.16,2.23,1813.935
"493","CPN1",0,0,0,0,4.52,1340.84,0,0,0,0,0,0,0,0,0,0,0,1340.84
"494","ABCB11",1.1,2.14,0.79,3.96,0,329.84,0.46,0.32,1.25,0.38,0.33,0,1.13,0,0.33,0.79,1.25,329.84
"495","TFR2",15.11,8.32,9.41,11.91,3.075,18689.27,9.27,4.33,13.22,94.67,5.82,5.21,52.45,3.075,5.82,9.41,15.11,18689.27
"496","VNN1",9.48,24.11,5.15,16.03,129.72,2875.3,46.18,6.285,24.99,44.255,7.34,16.15,10.59,5.15,9.48,16.15,44.255,2875.3
"497","LYPD2",0,0,19.68,0,2.04,25.17,23.25,0,285.03,72.78,0,1.675,6207.38,0,0,2.04,25.17,6207.38
"498","CYP3A4",0.55,4.7,0.2,13.12,13.515,85876.94,0.68,0.915,5.36,28.245,0.75,0.835,7.63,0.2,0.75,4.7,13.12,85876.94
"499","SSX2B",0,0,0,0,0,0,0,0,0,0,22.43,0,0,0,0,0,0,22.43
"500","SPINK4",17.13,0,0,607.87,0,0,0,0,0,58.925,0,0,0,0,0,0,0,607.87
"501","EPS8L3",4.31,1.58,4.58,866.07,5.255,4.7,0.06,3.72,0.45,620.68,0,5.495,10.08,0,1.58,4.58,5.495,866.07
"502","TMEM213",0,29.7,0.55,0,2991.11,0,27.64,6.41,15.68,2.34,0,0.49,0.58,0,0,0.58,15.68,2991.11
"503","PAX2",0,1.08,18.29,0,1277.32,0.29,0,2.8,0,0,0.875,12.785,0,0,0,0.29,2.8,1277.32
"504","FFAR1",0,0,0,0,0,0,0.46,0,0,0,0,0,0,0,0,0,0,0.46
"505","RP11-321F6.1",0,0,0,0,0,2.01,4.7,0,0,0,0,0,0,0,0,0,0,4.7
"506","SLC6A4",6.62,4.28,1.93,5.32,12.595,1.11,974.5,2.915,13.72,12.36,4.08,2.235,40.93,1.11,2.915,5.32,12.595,974.5
"507","MS4A15",0,0,0,0,0,0,1498.22,0,0,0,0,0,0,0,0,0,0,1498.22
"508","MAT1A",3.89,8.32,11.47,3.14,30.45,32540.65,9.06,6.465,11.82,2.305,9.63,5.435,6.73,2.305,5.435,8.32,11.47,32540.65
"509","APOA4",0,0,0,0.47,0,1037.29,0,0,0.01,0,1.325,0,0.43,0,0,0,0.43,1037.29
"510","SPRR1A",303.44,4.54,7,4.28,5.025,3.35,12.18,6.165,6426.31,53.19,2.67,1.07,92680.9,1.07,4.28,6.165,53.19,92680.9
"511","AMBP",2.39,12.83,8,7.51,273.295,189257.69,20.86,5.87,3.17,29.27,11.91,9.53,10.31,2.39,7.51,10.31,20.86,189257.69
"512","CYP4F3",142.01,3.03,3.59,19.25,135.355,3639.7,13.72,9.965,43.32,76.445,1.32,1.645,612.11,1.32,3.59,19.25,135.355,3639.7
"513","PHGR1",24.63,39.5,2.58,12502.12,0.57,3.72,2.16,17.64,0.96,3081.82,3.335,1.195,35.76,0.57,2.16,3.72,35.76,12502.12
"514","TRIML2",0,0.31,1.93,0,0,0,0.49,0,0,0,0,0,0,0,0,0,0,1.93
"515","LGALS7",11.21,23.08,5.36,2.2,7.735,1.27,7.69,13.93,1183.45,16.21,13.52,4.355,5076.84,1.27,5.36,11.21,16.21,5076.84
"516","TCP10L2",0,0,0,0,0,2.81,0,0,0,0,0,0,0,0,0,0,0,2.81
"517","LCE1A",0,0,0,0,0,0,0,0,0,0,0,0,0.84,0,0,0,0,0.84
"518","HSD3B1",0,0,0,0,0,6.73,0,0,0,0,0,0,0,0,0,0,0,6.73
"519","OR3A2",0,2.14,2.53,0,0,0,0,0,0,0,0,0,0,0,0,0,0,2.53
"520","HAND1",54.72,0.24,0,371.22,0,0,2.25,0,0,0,0,0,0.685,0,0,0,0.685,371.22
"521","STATH",0,0,0,0,0,0,0,0,1721.16,0,0,0,0,0,0,0,0,1721.16
"522","C14orf105",2.73,0,9.34,0,2217.265,503.95,0,0,0,0.575,0,6.36,0,0,0,0,6.36,2217.265
"523","GNG5P2",0,0,0,0,1.18,8.45,1.43,0,0,0,0,0,0,0,0,0,0,8.45
"524","DEFB119",0.62,0,0,0,0,0,0,0,0,0,0,0,0,0,0,0,0,0.62
"525","CLDN2",0.99,8.51,6.41,5.28,2401.885,1044.52,21.01,6.21,1.75,17.445,6.595,2.535,2.985,0.99,2.985,6.41,17.445,2401.885
"526","GAD2",0,0,0,0,0,0,0,0,0,0.355,0,0,0,0,0,0,0,0.355
"527","APOC4",0,1.45,3.35,0,0,23820.89,8.25,0.485,0.13,0,0.63,1.165,0,0,0,0.485,1.45,23820.89
"528","CFHR1",4.39,3.23,1.45,1.91,26.14,42054.3,2.58,1,2.61,2.1,1.63,1.18,2.15,1,1.63,2.15,3.23,42054.3
"529","C20orf62",0,0,0,0,0,1.93,0,0,0,0,0,0,0,0,0,0,0,1.93
"530","THRSP",2.53,1857.6,1.35,3.86,40.31,4671.57,1.41,5.3,18.29,4.445,34.63,3.675,4.1,1.35,3.675,4.445,34.63,4671.57
"531","SPRR4",0,0,0,0,0,0,0,0,0,0,0,0,20.11,0,0,0,0,20.11
"532","SLC36A2",0.84,1.83,0,0,251.775,0,0,0.66,4.62,0,0.065,0.185,0.6,0,0,0.185,0.84,251.775
"533","SPINK5",49.21,22.92,15.11,47.5,11.645,2.32,80.57,24.29,2609.3,82,28.655,5.845,17804.06,2.32,15.11,28.655,80.57,17804.06
"534","AKR1CL1",0,2.03,0,0,2.67,127.89,2.18,0,0.82,0,0,0,0,0,0,0,2.03,127.89
"535","DMRTC2",0,0,0,0,0,0,0.01,0,0,0,0,0,0,0,0,0,0,0.01
"536","C3orf72",0.45,0.44,450.94,0,0,0,0,1.115,0.35,0,0.45,164.425,3.08,0,0,0.44,1.115,450.94
"537","OTOG",0,0,0,0.15,0.515,0,0,0,0,0,0,0,0,0,0,0,0,0.515
"538","C19orf80",5.32,46.18,19.97,7.22,4.37,2319.15,5.59,5.89,1.77,6.645,6.595,23.17,22.51,1.77,5.59,6.645,22.51,2319.15
"539","ACTBL2",0,1.95,0,0,0,0,0,0,1.57,0,0.15,0,0,0,0,0,0,1.95
"540","RP11-212D19.4",0,0,0,0,1.21,0,0,0,0,0,0,0,0,0,0,0,0,1.21
"541","DNMT3L",0,0,0,0,48.35,176.29,0,0,0,0,0,0,0,0,0,0,0,176.29
"542","C2orf80",0,0,0,2.36,0,0,0,0,0,0,0,0,0,0,0,0,0,2.36
"543","RHCG",25.17,21.78,7.28,10.08,2039.925,13.62,6.41,26.43,6426.31,23.085,2.26,0.885,53973.86,0.885,7.28,21.78,26.43,53973.86
"544","VSTM1",0,0,0,0,1.95,2.43,11.91,0,0,0,0,0,0,0,0,0,0,11.91
"545","C9",1.01,0.26,0.54,0.31,20.345,16843.62,0.72,0.12,0.01,0.62,1.03,0,1.75,0,0.26,0.62,1.03,16843.62
"546","TMPRSS11B",2.92,0.21,1.3,0.54,0.16,0.35,0,0.32,125.24,6.01,0.21,0.09,6652.97,0,0.21,0.35,2.92,6652.97
"547","HIST1H2BI",0,0.85,9.56,0,0,0,0.64,0,0,0,0,0,2.84,0,0,0,0.64,9.56
"548","CTSE",40.07,1.28,6.52,53.19,4.66,5.15,1870.53,10.2,0,6229.865,242.88,2.875,15.56,0,4.66,10.2,53.19,6229.865
"549","AFP",0,50.27,0,0,65.335,289.02,0,0,0,2.11,0,4.255,0,0,0,0,4.255,289.02
"550","PAX8",29.7,45.21,432.53,73.03,3742.41,21.01,103.69,41.665,52.08,73.03,25530.66,354.99,144.01,21.01,45.21,73.03,354.99,25530.66
"551","RP5-1052I5.2",0,0,0,0,0,18.43,0,0,0,0,0,0,0,0,0,0,0,18.43
"552","ADAD1",0.13,0,0,0,0,0,0,0,0,0,0,0,0,0,0,0,0,0.13
"553","HAL",7.4,3.66,11.55,5.23,2.935,1963.57,22.92,2.495,24.63,6.31,4.82,4.905,25.72,2.495,4.82,6.31,22.92,1963.57
"554","SPRR2D",7.88,1.69,2.92,1.81,2.305,1.31,9.27,0.93,2434.5,11.91,0.7,0.215,19348.38,0.215,1.31,2.305,9.27,19348.38
"555","KRT34",0,0,19.53,0,0,0,0,0,0,0,0,0,7.57,0,0,0,0,19.53
"556","MEP1A",0,0.36,0,323.03,0,0.19,1.41,0.63,0,11.775,0,0.23,1.06,0,0,0.23,1.06,323.03
"557","CALML5",4.9,163.28,0,2.71,0.58,1.91,2.94,3.89,4038.61,12.93,2.05,1.96,1030.12,0,1.96,2.94,12.93,4038.61
"558","C16orf11",0,0,0,0,203.365,0,0,0.285,0,0.23,0,0,1.08,0,0,0,0.23,203.365
"559","NR1I3",13.42,13.93,10.88,20.41,104.06,6037.61,10.71,11.295,14.45,19.39,8.99,13.88,20.26,8.99,11.295,13.93,20.26,6037.61
"560","CRYAA",0,0.56,0,0,725.71,896.64,0,0,0,0,0,0,0,0,0,0,0,896.64
"561","CLPSL1",0,10.16,0,0,0,0,0,0,0,0,0,0,0,0,0,0,0,10.16
"562","SLC22A2",0,0,0.61,2.34,4516.31,2.18,0,6.49,0,0,0,2.545,3.925,0,0,0.61,2.545,4516.31
"563","RP11-527L4.2",0,0,0,0,54.33,0,0,0,0,0,9.445,0,0,0,0,0,0,54.33
"564","SAA4",0,78.89,0,0,0.83,45386.27,3.26,3.56,20.11,0,0,0,3.14,0,0,0.83,3.56,45386.27
"565","AL353354.2",0,0,0,0,14.725,0,0,0,0,280.4,0,0,0,0,0,0,0,280.4
"566","PAH",2.07,8.32,1.89,1.91,1809.555,25530.66,0.58,11.465,1.43,3.185,14.35,1.97,2.14,0.58,1.91,2.14,11.465,25530.66
"567","FAM25B",0,0,0,0,0,0,0,0,0,0,0,0,39.22,0,0,0,0,39.22
"568","CTD-3214H19.4",0,0,0,0,0,0,3.08,0,0.65,0,0,0,0,0,0,0,0,3.08
"569","DAO",0,0,0,12.36,329.97,2335.28,4.54,0.65,0,0,0.7,0,0,0,0,0,4.54,2335.28
"570","UGT2A1",0,0,0,0,28.86,26.47,0,0,0,0,0,0,0,0,0,0,0,28.86
"571","CYP2A6",22.92,50.27,26.47,2.41,0.43,60723.88,16.03,9.095,3.99,2.295,1.65,13.42,3.47,0.43,2.41,9.095,22.92,60723.88
"572","DUSP9",11.91,6.46,3.2,0,1488.44,10.39,0.73,2.955,7.82,0.68,0,0.54,11.82,0,0.68,3.2,10.39,1488.44
"573","NXPH1",0,0.73,0,0,0,0,0,0,0.49,0,0,0,0,0,0,0,0,0.73
"574","CPS1",21.01,96.01,10.16,15.8,52.82,23330.64,24.99,18.975,34.02,65.03,47.5,47.775,64.8,10.16,21.01,47.5,64.8,23330.64
"575","UGT1A8",31.45,0,0,0,0,7280.4,0,0,0,0,0,0,0,0,0,0,0,7280.4
"576","GBP6",6.46,5.82,5.11,0.73,0.97,1.48,5.68,3.56,684.02,9.78,4.315,1.365,5672.41,0.73,1.48,5.11,6.46,5672.41
"577","C14orf166B",0,1.83,0,0,0,0,0,0,1.25,0,0,0,0,0,0,0,0,1.83
"578","AMY1C",0,0,0,0,0,0,620.67,0,24.99,0,150.17,0,0,0,0,0,0,620.67
"579","FABP4",5913.33,102836.01,612.11,813.63,176.365,115.97,6381.92,49.215,547.75,559.495,2327.325,227.615,2054.12,49.215,227.615,612.11,2327.325,102836.01
"580","TTC36",3.99,74.58,3.59,6.57,58.92,5041.77,3.79,8.095,4.21,40.645,10,4.84,14.135,3.59,4.21,8.095,40.645,5041.77
"581","AC011298.1",0,0,0,0.61,0,0,0,0,0,0,0,0,0,0,0,0,0,0.61
"582","CYP8B1",1.73,3.89,2.05,1.51,112.815,8247.98,1.79,1.025,1.68,1.29,3.89,1.62,4.54,1.025,1.62,1.79,3.89,8247.98
"583","LECT2",0.4,0,0,0,1.66,6207.38,0,0.77,0,0,0,0,0,0,0,0,0.4,6207.38
"584","MMP20",0,1.38,0,0,0,0,0,0,0.14,0,0,0,0,0,0,0,0,1.38
"585","PRH2",0,2.43,2.36,0,0,8.99,0,0,295.11,0,2.62,2.825,0,0,0,0,2.62,295.11
"586","SERPINB2",80.01,13.03,2.97,1.66,0.985,1.95,13.72,2.71,928.3,9.095,1.95,0.94,2664.15,0.94,1.95,2.97,13.72,2664.15
"587","TAS2R38",0.8,0,0,0,0,0,0,0,0,0,0,0,0,0,0,0,0,0.8
"588","OTC",3.26,2.43,8.78,51.71,0,4736.79,17.25,0,0,24.9,4.58,12.88,3.69,0,2.43,4.58,17.25,4736.79
"589","SERPINA9",0,0,0,0,0,1.93,0,0,0,0,0,0,0,0,0,0,0,1.93
"590","RAX",0,0,0,0,0,0,0,0,0,0,0,0,0.32,0,0,0,0,0.32
"591","DEFB4A",0,0,0,0,0,0,11.73,0,0,0,0,0,176.29,0,0,0,0,176.29
"592","AL353608.1",0,0,0,0,0,0,0,0,0,0,0.385,0,0,0,0,0,0,0.385
"593","RP11-613M10.8",0,0,0,0,0,0,0,0,0,0,0,1.11,0,0,0,0,0,1.11
"594","CLEC1B",1.41,1.2,0.27,0.41,0.41,607.87,23.42,0.4,0.14,0.86,0.845,0.29,1.165,0.14,0.4,0.845,1.2,607.87
"595","GYPB",0,0,0,0,1.9,0,5.41,0,0,0,0,0,0,0,0,0,0,5.41
"596","TCL1B",0,0,0,0,0.32,0,0,0,0,0,0,0,0,0,0,0,0,0.32
"597","TMPRSS11A",4.24,0.39,2.41,0.16,0.155,0,0,2.165,111.99,2.03,0.19,0,1073.91,0,0.155,0.39,2.41,1073.91
"598","CDX1",1.16,3.17,13.62,620.67,1.455,0.47,2.05,1.165,1.07,14.35,1.59,5.61,1.16,0.47,1.16,1.59,5.61,620.67
"599","PAEP",0,0,0,0,0,0,3.14,0,0,0,0,0,0,0,0,0,0,3.14
"600","CD5L",0.73,0.27,0.69,0,0.09,529.06,29.7,0,0.36,0.46,0,0.07,0.32,0,0.07,0.32,0.69,529.06
"601","HGFAC",2.2,2.07,33.06,3.44,6.235,5913.33,2.63,4.78,1.16,2.86,3.515,8.515,23.845,1.16,2.63,3.515,8.515,5913.33
"602","SLCO1B3",0,0,6.78,0.82,0,2502.97,0.36,1.005,5.77,0.39,0.74,0.095,1.77,0,0.095,0.74,1.77,2502.97
"603","SLC39A5",2.68,3.79,4.39,507.46,1143.545,8840.04,3.99,4.37,1.03,56.68,8.71,8.745,16.03,1.03,3.99,8.71,56.68,8840.04
"604","FGA",0.61,2.76,10.63,2.34,22.835,365622.68,138.1,1.2,1.04,71.53,0.79,2.39,18.16,0.61,1.2,2.76,22.835,365622.68
"605","SFTPA2",6.94,7.34,1.79,26.28,2.035,1.41,614902.29,174.46,17,6.675,3.84,2.62,8.45,1.41,2.62,6.94,17,614902.29
"606","LIPF",1.58,2.56,5.06,4.24,2.505,1.93,0.35,2.045,1.33,37511.35,6.135,2.84,178.77,0.35,1.93,2.56,5.06,37511.35
"607","PAGE5",0,0,0,0,0,21.63,0,0,0,0,0,0,0,0,0,0,0,21.63
"608","C14orf23",0,0,0,0,0,0,0,0,0,0,0,0,8.885,0,0,0,0,8.885
"609","DIO1",1.28,14.14,3.99,2.94,391.61,3303,8.65,5.235,6.67,3.565,4639.405,4.6,5.54,1.28,3.99,5.54,14.14,4639.405
"610","SPRR2F",3.14,3.11,3.72,0,0,0,0,0,163.28,10.75,0,1.64,759.08,0,0,1.64,3.72,759.08
"611","SLC38A4",24.63,13.72,3.06,31.45,84.395,7130.55,7.75,20.115,20.56,6.625,7.46,26.86,27.84,3.06,7.75,20.56,27.84,7130.55
"612","MUC21",10.39,0.39,2.32,0.85,0.285,0.96,56.28,2.045,674.59,23.335,1.35,0,20593.91,0,0.85,2.045,23.335,20593.91
"613","UGT2A3",0.41,0,0,111.21,738.455,353.59,0,0,0,12.135,0,0,0,0,0,0,12.135,738.455
"614","IAPP",0,0,0,0,0,9.34,0,0,0,0,0,0,0,0,0,0,0,9.34
"615","RBP2",0,0,0,19.68,107.815,0,206.94,0,0,0,0,1.82,0,0,0,0,1.82,206.94
"616","PADI1",25.91,0.74,8.06,3.96,2.78,1.06,0.36,2.73,109.66,2.795,0.52,0.68,2434.5,0.36,0.74,2.78,8.06,2434.5
"617","AHSG",0.2,0.13,1.23,0.56,3.475,123144.13,0.22,0.41,0.88,0.66,0.16,0.545,3.2,0.13,0.22,0.56,1.23,123144.13
"618","VTN",29.27,12.18,8.92,10.47,34.89,113315.62,51.35,19.97,3.44,30.575,16.03,40.355,38.4,3.44,12.18,29.27,38.4,113315.62
"619","ABCC2",9.13,11.64,4.54,7.11,84.035,1378.57,5.77,3.645,4.74,14.35,5.96,5.565,15.225,3.645,5.565,7.11,14.35,1378.57
"620","KCNJ16",0.16,66.65,0.77,2.76,5167.125,19.39,12.64,3.705,10.24,90.77,3280.18,3.35,9.815,0.16,3.35,10.24,66.65,5167.125
"621","CRNN",4.24,0.64,2.71,2.46,0.665,1.28,1.46,1.48,1487.87,17.64,1.97,0.145,59887.86,0.145,1.28,1.97,4.24,59887.86
"622","CEACAM7",28.04,3.17,6.16,2417.67,2.595,1.38,2.25,1.94,115.16,23.505,0.39,0.545,723.08,0.39,1.94,3.17,28.04,2417.67
"623","RP11-293I14.2",0,0,0,0,0,0,0,0,3.14,0,0,0,8.32,0,0,0,0,8.32
"624","CYP4A11",1.01,5.77,0.78,0.72,2114.03,29327.18,3.17,1.04,1,4.135,2.1,1.225,2.85,0.72,1.01,2.1,4.135,29327.18
"625","APOC3",1.03,0.89,0.32,5.23,44.85,772940.66,2.84,1.3,1.27,94.01,2.48,2.545,9.2,0.32,1.27,2.545,9.2,772940.66
"626","RFPL4AL1",0,0,0,0,0,1.81,0,0,0,0,0,0,0,0,0,0,0,1.81
"627","ADH1A",13.93,34.02,1.51,17.9,5.585,39785.74,16.75,2.34,2.63,8.72,2.645,8.315,14.35,1.51,2.645,8.72,16.75,39785.74
"628","TPTE",0,0,0,0,0,0,0,0,0,1.105,0,0,0,0,0,0,0,1.105
"629","IL36RN",0,0.15,0,0.19,0,0,0.16,0.16,59.55,0,0.92,0,376.41,0,0,0.15,0.19,376.41
"630","IL1RN",1073.91,104.42,27.64,56.28,40.015,1936.53,514.56,73.8,3146.52,1070.195,65.26,20.115,34635.37,20.115,56.28,104.42,1073.91,34635.37
"631","SCGB2A2",0.21,20310.37,18.97,1.64,3.275,1.41,0.64,0.85,13.83,1.67,1.135,6.975,4.98,0.21,1.135,1.67,6.975,20310.37
"632","CREB3L3",0.26,0.23,0.41,18.16,15.745,6337.83,1.22,0.315,0.33,32.71,0,0.54,1.23,0,0.315,0.54,15.745,6337.83
"633","PROC",6.06,4.98,8.13,31.22,273.615,16045.82,11.55,11.385,10.71,44.89,10.2,11.265,13.52,4.98,10.2,11.385,31.22,16045.82
"634","MS4A3",0,0,0,0,0,0.89,4.62,0,0,0,0.005,0,0,0,0,0,0,4.62
"635","TMPRSS11D",6.11,0.75,5.59,0.31,0.09,0.27,0,2.34,343.89,3.11,0.6,0,2520.38,0,0.27,0.75,5.59,2520.38
"636","CFHR2",0,0,0,0,0,20310.37,0,0,0,0,0,0,0,0,0,0,0,20310.37
"637","SLC34A2",1.45,575.03,40.07,1.07,594.855,21.16,36106.23,31.94,128.79,10.235,377.725,69.28,11.3,1.07,11.3,40.07,377.725,36106.23
"638","CHRND",0,0.04,0,0,0.18,0,0.02,0,5.41,0.165,0.21,0,0,0,0,0,0.165,5.41
"639","NKX2-2",0,0,0,3.29,0,0,0,0,0,11.595,0,0,0,0,0,0,0,11.595
"640","APCS",0.24,0.06,1.01,0,4.59,67846.12,0,0.42,0,0,0,0.68,1.11,0,0,0.24,1.01,67846.12
"641","SLC3A1",1.28,4.78,10.24,74.58,8280.645,214.27,3.92,14.945,1.5,30.365,5.63,7.44,11.595,1.28,4.78,10.24,30.365,8280.645
"642","FAM215A",0,1.87,0,0,13.52,0,0,0,0,0,3.1,0,0,0,0,0,0,13.52
